[1/75] /how-to-sell-my-house-fast-in-arizona/
[2/75] /conventional-home-loans-vs-fha-loans-which-is-right-for-you/
[3/75] /when-is-a-mortgage-payment-actually-considered-late/
[4/75] /how-to-calculate-how-much-pmi-mortgage-insurance-will-be/
[5/75] /understanding-amortization-chart/
[6/75] /what-if-my-spouse-dies-and-im-not-on-the-mortgage/
[7/75] /what-are-mortgage-trigger-leads/
[8/75] /how-does-a-mortgage-apr-work-and-what-does-it-mean/
[9/75] /what-are-closing-costs-on-a-home-purchase/
[10/75] /mortgage-payoff-higher-than-mortgage-balance/
[11/75] /getting-a-mortgage-with-employment-gaps/
[12/75] /better-getting-mortgage-couple-vs-single-applicant/
[13/75] /can-i-relocate-and-get-a-mortgage-while-working-remotely-out-of-state/
[14/75] /dscr-loan-the-best-alternative-to-hard-money/
[15/75] /arizona-binsr-buyer-inspection-notice-and-seller-response/
[16/75] /what-you-need-to-know-about-the-arizona-prequalification-form/
[17/75] /arizona-mortgage-rates-and-the-interest-deduction/
[18/75] /prepayment-penalties-on-your-arizona-mortgage/
[19/75] /buying-down-your-arizona-interest-rate/
[20/75] /arizona-second-mortgages/
[21/75] /arizona-real-estate-capital-gains-is-back/
[22/75] /delayed-financing-how-to-get-cashout-without-waiting-6-months-seasoning/
[23/75] /what-is-an-example-of-a-mortgage-recast/
[24/75] /buying-a-house-with-a-cash-offer-and-simultaneously-getting-mortgage-financing/
[25/75] /how-does-my-car-loan-payment-affect-my-mortgage/
[26/75] /grossing-up-your-income-what-does-that-mean/
[27/75] /can-i-get-a-3rd-mortgage/
[28/75] /how-fast-is-too-fast-to-close-a-mortgage-loan-to-purchase-a-house/
[29/75] /what-is-the-difference-between-aan-arizona-condo-and-arizona-townhome/
[30/75] /detached-guest-home-casita-appraisal-issues/
[31/75] /difference-between-owner-occupied-second-home-and-investment-property/
[32/75] /buying-or-selling-personal-property-with-your-home-sale-must-watch-this-first/
[33/75] /how-to-skip-2-payments-on-your-mortgage/
[34/75] /put-bow-fha-loan-gift-guide/
[35/75] /lsu-forms-loan-status-updates-and-what-you-need-to-know/
[36/75] /how-do-solar-panels-affect-the-mortgage-and-closing-process/
[37/75] /get-part-income-commission-can-use-qualify-loan/
[38/75] /how-to-count-commissions-and-bonuses-and-tips/
[39/75] /who-can-and-cannot-be-on-title-when-you-get-a-mortgage/
[40/75] /is-the-mortgage-interest-tax-deduction-really-a-big-deal/
[41/75] /how-high-will-a-lender-allow-your-deductible-to-be/
[42/75] /arizona-vacation-and-investment-home-mortgages/
[43/75] /if-i-have-1-mortgage-late-in-the-past-12-months-can-i-get-approved-for-a-mortgage/
[44/75] /what-is-a-conventional-home-loan-the-complete-first-time-buyer-mortgage-guide/
[45/75] /arizona-real-estate-trends-in-2026-predicting-mortgage-rates-for-the-coming-year/
[46/75] /what-is-a-jumbo-loan-everything-you-need-to-know-before-applying/
[47/75] /va-loans-for-first-time-homebuyers-in-arizona-your-path-to-affordable-homeownership/
[48/75] /how-to-get-a-mortgage-in-arizona-with-fair-or-improving-credit/
[49/75] /glossary/
[50/75] /the-broker-advantage/
[51/75] /arizona-refinance-process/
[52/75] /arizona-home-buying-process/
[53/75] /arizona-mortgage-approval-process/
[54/75] /arizona-mortgage-closing-process/
[55/75] /arizona-mortgage-payments/
[56/75] /can-i-simply-payoff-credit-cards-to-qualify-for-a-mortgage/
[57/75] /air-conditionings-impact-phoenix-valley-real-estate/
[58/75] /canceling-your-fha-mip-is-easier-than-you-think/
[59/75] /arizona-mortgage-basics/
[60/75] /arizona-mortgage-closing-costs/
[61/75] /navigating-mortgage-options-during-divorce-a-complete-guide/
[62/75] /top-7-reasons-arizona-investment-home-buyers-choose-private-money-lenders/
[63/75] /who-qualifies-for-a-reverse-mortgage-understanding-eligibility-requirements/
[64/75] /connecting-guest-house-main-house-add-value/
[65/75] /how-a-rapid-rescore-can-help-to-get-qualified-for-a-mortgage/
[66/75] /why-use-an-arizona-mortgage-broker/
[67/75] /arizona-understanding-your-credit/
[68/75] /seller-concessions-to-buyers-how-much/
[69/75] /ultimate-guide-first-mortgage/
[70/75] /expect-youre-not-first-time-mortgage-shopper/
[71/75] /fha-flip-rule-waiver-expired-you-need-wait-90-days-to-write-a-contract/
[72/75] /is-homeownership-hereditary/
[73/75] /mortgage-101/
[74/75] /mortgage-rates-tool-arizona/
[75/75] /assumable-mortgage/

1. /how-to-sell-my-house-fast-in-arizona/ (7 missing)
  [Image 1: housingmarket] → /wp-content/uploads/2026/06/housingmarket.webp/
  [Image 2: iCashHome] → /wp-content/uploads/2026/06/iCashHome.webp/
  [Image 3: cashbuyers] → /wp-content/uploads/2026/06/cashbuyers.webp/
  [Image 4: SalevsTraditional] → /wp-content/uploads/2026/06/SalevsTraditional.webp/
  [Image 5: buysell] → /wp-content/uploads/2026/06/buysell.webp/
  [Image 6: ctaoption] → /wp-content/uploads/2026/06/ctaoption.webp/
  [what Arizona homeowners say about working with us] → /client-mortgage-reviews/

2. /conventional-home-loans-vs-fha-loans-which-is-right-for-you/ (2 missing)
  [Arizona Mortgage Brothers] → /
  [1599 East Orangewood Ave Suite 200, Phoenix, AZ 85020] → https://goo.gl/maps/GVLYa

3. /when-is-a-mortgage-payment-actually-considered-late/ (11 missing)
  [When the bank or lender thinks you’re late] → /when-is-a-mortgage-payment-actually-considered-late/
  [When the credit bureau thinks you’re late] → /when-is-a-mortgage-payment-actually-considered-late/
  [Transcript of the Mortgage Brothers Podcast] → /when-is-a-mortgage-payment-actually-considered-late/
  [When Are Mortgage Payments Due?] → /when-is-a-mortgage-payment-actually-considered-late/
  [When Is It Late?] → /when-is-a-mortgage-payment-actually-considered-late/
  [Grace Period: Payments After the 15th] → /when-is-a-mortgage-payment-actually-considered-late/
  [Credit Bureau Reporting: 30 Days Late] → /when-is-a-mortgage-payment-actually-considered-late/
  [Escalation: 60 Days, 90 Days, and Foreclosure] → /when-is-a-mortgage-payment-actually-considered-late/
  [Rolling Lates: A Dangerous Cycle] → /when-is-a-mortgage-payment-actually-considered-late/
  [Advice for Borrowers] → /when-is-a-mortgage-payment-actually-considered-late/
  [Final Thoughts] → /when-is-a-mortgage-payment-actually-considered-late/

4. /how-to-calculate-how-much-pmi-mortgage-insurance-will-be/ (15 missing)
  [When is PMI (Mortgage Insurance required?] → /how-to-calculate-how-much-pmi-mortgage-insurance-will-be/
  [How is PMI Calculated?] → /how-to-calculate-how-much-pmi-mortgage-insurance-will-be/
  [PMI on Investment Properties] → /how-to-calculate-how-much-pmi-mortgage-insurance-will-be/
  [An example quote for Private Mortgage Insurance] → /how-to-calculate-how-much-pmi-mortgage-insurance-will-be/
  [How to remove PMI Mortgage Insurance?] → /how-to-calculate-how-much-pmi-mortgage-insurance-will-be/
  [Transcript of the Mortgage Brothers Podcast] → /how-to-calculate-how-much-pmi-mortgage-insurance-will-be/
  [What Is PMI?] → /how-to-calculate-how-much-pmi-mortgage-insurance-will-be/
  [Factors That Determine PMI] → /how-to-calculate-how-much-pmi-mortgage-insurance-will-be/
  [Example Calculation of PMI] → /how-to-calculate-how-much-pmi-mortgage-insurance-will-be/
  [Does PMI Change Over Time?] → /how-to-calculate-how-much-pmi-mortgage-insurance-will-be/
  [When Is PMI Removed?] → /how-to-calculate-how-much-pmi-mortgage-insurance-will-be/
  [High DTI Ratios] → /how-to-calculate-how-much-pmi-mortgage-insurance-will-be/
  [Final Thoughts] → /how-to-calculate-how-much-pmi-mortgage-insurance-will-be/
  [Contact Information] → /how-to-calculate-how-much-pmi-mortgage-insurance-will-be/
  [Image 1: Mortgage insurance premium details with base and renewal rates displayed for accurate financial planning.] → /wp-content/uploads/2024/12/pmi-premium-details-rates.jpg/

5. /understanding-amortization-chart/ (1 missing)
  [Image 1: CDN icon] → https://d1rozh26tys225.cloudfront.net/loader.svg

6. /what-if-my-spouse-dies-and-im-not-on-the-mortgage/ (16 missing)
  [Lawyer Up] → /what-if-my-spouse-dies-and-im-not-on-the-mortgage/
  [Common Questions Regarding Mortgages When A Spouse Dies] → /what-if-my-spouse-dies-and-im-not-on-the-mortgage/
  [Are you on the title?] → /what-if-my-spouse-dies-and-im-not-on-the-mortgage/
  [Ask about the St. Germain Act of 1982] → /what-if-my-spouse-dies-and-im-not-on-the-mortgage/
  [Are you in a community property state?] → /what-if-my-spouse-dies-and-im-not-on-the-mortgage/
  [Do we refinance? Do I put it into my name?] → /what-if-my-spouse-dies-and-im-not-on-the-mortgage/
  [Planning Ahead] → /what-if-my-spouse-dies-and-im-not-on-the-mortgage/
  [Transcript of the Mortgage Brothers Podcast] → /what-if-my-spouse-dies-and-im-not-on-the-mortgage/
  [Overview of the Topic] → /what-if-my-spouse-dies-and-im-not-on-the-mortgage/
  [Important Disclaimer] → /what-if-my-spouse-dies-and-im-not-on-the-mortgage/
  [Understanding the Due-On-Sale Clause] → /what-if-my-spouse-dies-and-im-not-on-the-mortgage/
  [What If You’re Not on the Title?] → /what-if-my-spouse-dies-and-im-not-on-the-mortgage/
  [Options for Surviving Spouses] → /what-if-my-spouse-dies-and-im-not-on-the-mortgage/
  [Key Takeaways for Surviving Spouses] → /what-if-my-spouse-dies-and-im-not-on-the-mortgage/
  [Final Thoughts] → /what-if-my-spouse-dies-and-im-not-on-the-mortgage/
  [Contact Information] → /what-if-my-spouse-dies-and-im-not-on-the-mortgage/

7. /what-are-mortgage-trigger-leads/ (1 missing)
  [Image 1: CDN icon] → https://d1rozh26tys225.cloudfront.net/loader.svg

8. /how-does-a-mortgage-apr-work-and-what-does-it-mean/ (5 missing)
  [Interest Rate] → /how-does-a-mortgage-apr-work-and-what-does-it-mean/
  [APR] → /how-does-a-mortgage-apr-work-and-what-does-it-mean/
  [How closing costs and interest rate affect APR?] → /how-does-a-mortgage-apr-work-and-what-does-it-mean/
  [Are you getting a good deal?] → /how-does-a-mortgage-apr-work-and-what-does-it-mean/
  [Transcript of the Mortgage Brothers Podcast] → /how-does-a-mortgage-apr-work-and-what-does-it-mean/

9. /what-are-closing-costs-on-a-home-purchase/ (1 missing)
  [Image 1: CDN icon] → https://d1rozh26tys225.cloudfront.net/loader.svg

10. /mortgage-payoff-higher-than-mortgage-balance/ (1 missing)
  [APR basics] → /how-does-a-mortgage-apr-work-and-what-does-it-mean/

11. /getting-a-mortgage-with-employment-gaps/ (6 missing)
  [What are some typical gap scenarios?] → /getting-a-mortgage-with-employment-gaps/
  [Conventional Loans] → /getting-a-mortgage-with-employment-gaps/
  [FHA Loans] → /getting-a-mortgage-with-employment-gaps/
  [VA Loans] → /getting-a-mortgage-with-employment-gaps/
  [To Summarize] → /getting-a-mortgage-with-employment-gaps/
  [Transcript of the Mortgage Brothers Podcast] → /getting-a-mortgage-with-employment-gaps/

12. /better-getting-mortgage-couple-vs-single-applicant/ (63 missing)
  [![Image 1: Mortgage Brothers Logo] → /wp-content/uploads/2025/02/mortgage-brothers-logo-green-new.png/
  [About Us] → /about-us/
  [Loan Programs] → /mortgage-loan-programs-arizona/
  [Conventional Home Loans] → /conventional-home-loans-arizona/
  [FHA Home Loans] → /fha-home-loans-arizona/
  [FHA Streamline Refinance] → /fha-streamline-refinance-arizona/
  [First-time Home Buyer Guide] → /first-time-home-buyer-arizona-guide/
  [Jumbo Loans] → /jumbo-loans-arizona/
  [Private Money Lender] → /private-money-lender-arizona/
  [Mortgage Refinancing] → /refinancing-arizona/
  [Reverse Mortgage] → /reverse-mortgage-arizona/
  [Reverse Mortgage for a Home Purchase] → /reverse-mortgage-home-purchase-arizona/
  [VA Loans] → /va-loans-arizona/
  [Conventional vs FHA Loans] → /conventional-vs-fha-loans-arizona/
  [Calculators] → /mortgage-calculator-arizona/
  [Basic Mortgage Payment Calculator] → /basic-mortgage-payment-calculator/
  [Mortgage Affordability Calculator] → /mortgage-affordability-calculator/
  [Refinance Calculator] → /refinance-calculator/
  [Rent vs. Buy Calculator] → /rent-vs-buy-calculator/
  [Extra Payment Mortgage Calculator] → /extra-payment-mortgage-calculator/
  [FHA Loan Calculator] → /fha-loan-calculator/
  [VA Loan Calculator] → /va-loan-calculator/
  [Down Payment Calculator] → /down-payment-calculator/
  [Debt-to-Income Ratio Calculator] → /debt-to-income-ratio-calculator/
  [Home Purchase Closing Cost Calculator] → /home-purchase-closing-cost-calculator/
  [Areas We Serve] → /service-areas/
  [Mohave County] → /service-areas/mohave-county-az/
  [Colorado City] → /service-areas/mohave-county-az/colorado-city/
  [Resources] → /better-getting-mortgage-couple-vs-single-applicant/
  [Mortgage Insights] → /blog/
  [Videos] → /videos/
  [Home Cash Sale Guide] → /how-to-sell-my-house-fast-in-arizona/
  [Realtors] → /realtorteam/
  [Reverse Mortgage for Purchase] → /reverse-mortgage-home-purchase-arizona/
  [Sell Home for Cash] → /sell-my-house-fast-arizona/
  [Basic Mortgage Payment] → /basic-mortgage-payment-calculator/
  [Mortgage Affordability] → /mortgage-affordability-calculator/
  [Debt-to-Income Ratio] → /debt-to-income-ratio-calculator/
  [Extra Payment Mortgage] → /extra-payment-mortgage-calculator/
  [Home Purchase Closing Cost] → /home-purchase-closing-cost-calculator/
  [Maricopa County] → /service-areas/maricopa-county-az/
  [Pima County] → /service-areas/pima-county-az/
  [Pinal County] → /service-areas/pinal-county-az/
  [Yavapai County] → /service-areas/yavapai-county-az/
  [Coconino County] → /service-areas/coconino-county-az/
  [Navajo County] → /service-areas/navajo-county-az/
  [Apache County] → /service-areas/apache-county-az/
  [Gila County] → /service-areas/gila-county-az/
  [Cochise County] → /service-areas/cochise-county-az/
  [Graham County] → /service-areas/graham-county-az/
  [Greenlee County] → /service-areas/greenlee-county-az/
  [Santa Cruz County] → /service-areas/santa-cruz-county-az/
  [La Paz County] → /service-areas/la-paz-county-az/
  [Yuma County] → /service-areas/yuma-county-az/
  [![Image 2: Mortgage Brothers Logo] → /wp-content/uploads/2025/02/mortgage-brothers-logo-green-new.png/
  [LOAN PROGRAMS ▸] → /mortgage-loan-programs-arizona/
  [CALCULATORS ▸] → /mortgage-calculator-arizona/
  [AREAS WE SERVE ▸] → /service-areas/
  [Resources ▸] → /better-getting-mortgage-couple-vs-single-applicant/
  [MORE ▾] → /better-getting-mortgage-couple-vs-single-applicant/
  [Image 3: Comparing the benefits of getting a mortgage as a couple vs. as a single applicant.] → /wp-content/uploads/2025/02/getting-a-mortgage-as-a-couple-vs-as-a-single-applicant.jpg/
  [Get Personalized Mortgage Advice] → /better-getting-mortgage-couple-vs-single-applicant/
  [![Image 4: Expert mortgage solutions to help you find your dream home with competitive rates and personalized guidance] → /wp-content/uploads/2025/01/arizona-mortgage-solutions-banner-scaled.jpg/

13. /can-i-relocate-and-get-a-mortgage-while-working-remotely-out-of-state/ (7 missing)
  [Do a lot of our borrowers work remotely?] → /can-i-relocate-and-get-a-mortgage-while-working-remotely-out-of-state/
  [Do I need to talk to my employer?] → /can-i-relocate-and-get-a-mortgage-while-working-remotely-out-of-state/
  [How do I talk to my employer about moving?] → /can-i-relocate-and-get-a-mortgage-while-working-remotely-out-of-state/
  [Does remote working impact investment properties?] → /can-i-relocate-and-get-a-mortgage-while-working-remotely-out-of-state/
  [What if I’m self-employed?] → /can-i-relocate-and-get-a-mortgage-while-working-remotely-out-of-state/
  [As always…] → /can-i-relocate-and-get-a-mortgage-while-working-remotely-out-of-state/
  [Transcript of the Mortgage Brothers Podcast] → /can-i-relocate-and-get-a-mortgage-while-working-remotely-out-of-state/

14. /dscr-loan-the-best-alternative-to-hard-money/ (1 missing)
  [Image 1: CDN icon] → https://d1rozh26tys225.cloudfront.net/loader.svg

17. /arizona-mortgage-rates-and-the-interest-deduction/ (1 missing)
  [Image 1: CDN icon] → https://d1rozh26tys225.cloudfront.net/loader.svg

18. /prepayment-penalties-on-your-arizona-mortgage/ (63 missing)
  [![Image 1: Mortgage Brothers Logo] → /wp-content/uploads/2025/02/mortgage-brothers-logo-green-new.png/
  [About Us] → /about-us/
  [Loan Programs] → /mortgage-loan-programs-arizona/
  [Conventional Home Loans] → /conventional-home-loans-arizona/
  [FHA Home Loans] → /fha-home-loans-arizona/
  [FHA Streamline Refinance] → /fha-streamline-refinance-arizona/
  [First-time Home Buyer Guide] → /first-time-home-buyer-arizona-guide/
  [Jumbo Loans] → /jumbo-loans-arizona/
  [Private Money Lender] → /private-money-lender-arizona/
  [Mortgage Refinancing] → /refinancing-arizona/
  [Reverse Mortgage] → /reverse-mortgage-arizona/
  [Reverse Mortgage for a Home Purchase] → /reverse-mortgage-home-purchase-arizona/
  [VA Loans] → /va-loans-arizona/
  [Conventional vs FHA Loans] → /conventional-vs-fha-loans-arizona/
  [Calculators] → /mortgage-calculator-arizona/
  [Basic Mortgage Payment Calculator] → /basic-mortgage-payment-calculator/
  [Mortgage Affordability Calculator] → /mortgage-affordability-calculator/
  [Refinance Calculator] → /refinance-calculator/
  [Rent vs. Buy Calculator] → /rent-vs-buy-calculator/
  [Extra Payment Mortgage Calculator] → /extra-payment-mortgage-calculator/
  [FHA Loan Calculator] → /fha-loan-calculator/
  [VA Loan Calculator] → /va-loan-calculator/
  [Down Payment Calculator] → /down-payment-calculator/
  [Debt-to-Income Ratio Calculator] → /debt-to-income-ratio-calculator/
  [Home Purchase Closing Cost Calculator] → /home-purchase-closing-cost-calculator/
  [Areas We Serve] → /service-areas/
  [Mohave County] → /service-areas/mohave-county-az/
  [Colorado City] → /service-areas/mohave-county-az/colorado-city/
  [Resources] → /prepayment-penalties-on-your-arizona-mortgage/
  [Mortgage Insights] → /blog/
  [Videos] → /videos/
  [Home Cash Sale Guide] → /how-to-sell-my-house-fast-in-arizona/
  [Realtors] → /realtorteam/
  [Reverse Mortgage for Purchase] → /reverse-mortgage-home-purchase-arizona/
  [Sell Home for Cash] → /sell-my-house-fast-arizona/
  [Basic Mortgage Payment] → /basic-mortgage-payment-calculator/
  [Mortgage Affordability] → /mortgage-affordability-calculator/
  [Debt-to-Income Ratio] → /debt-to-income-ratio-calculator/
  [Extra Payment Mortgage] → /extra-payment-mortgage-calculator/
  [Home Purchase Closing Cost] → /home-purchase-closing-cost-calculator/
  [Maricopa County] → /service-areas/maricopa-county-az/
  [Pima County] → /service-areas/pima-county-az/
  [Pinal County] → /service-areas/pinal-county-az/
  [Yavapai County] → /service-areas/yavapai-county-az/
  [Coconino County] → /service-areas/coconino-county-az/
  [Navajo County] → /service-areas/navajo-county-az/
  [Apache County] → /service-areas/apache-county-az/
  [Gila County] → /service-areas/gila-county-az/
  [Cochise County] → /service-areas/cochise-county-az/
  [Graham County] → /service-areas/graham-county-az/
  [Greenlee County] → /service-areas/greenlee-county-az/
  [Santa Cruz County] → /service-areas/santa-cruz-county-az/
  [La Paz County] → /service-areas/la-paz-county-az/
  [Yuma County] → /service-areas/yuma-county-az/
  [![Image 2: Mortgage Brothers Logo] → /wp-content/uploads/2025/02/mortgage-brothers-logo-green-new.png/
  [LOAN PROGRAMS ▸] → /mortgage-loan-programs-arizona/
  [CALCULATORS ▸] → /mortgage-calculator-arizona/
  [AREAS WE SERVE ▸] → /service-areas/
  [Resources ▸] → /prepayment-penalties-on-your-arizona-mortgage/
  [MORE ▾] → /prepayment-penalties-on-your-arizona-mortgage/
  [Image 3: Understanding prepayment penalties on Arizona mortgages and how to avoid them.] → /wp-content/uploads/2025/02/prepayment-penalties-on-your-arizona-mortgage.jpg/
  [Get a Free Mortgage Review] → /prepayment-penalties-on-your-arizona-mortgage/
  [![Image 4: Expert mortgage solutions to help you find your dream home with competitive rates and personalized guidance] → /wp-content/uploads/2025/01/arizona-mortgage-solutions-banner-scaled.jpg/

19. /buying-down-your-arizona-interest-rate/ (63 missing)
  [![Image 1: Mortgage Brothers Logo] → /wp-content/uploads/2025/02/mortgage-brothers-logo-green-new.png/
  [About Us] → /about-us/
  [Loan Programs] → /mortgage-loan-programs-arizona/
  [Conventional Home Loans] → /conventional-home-loans-arizona/
  [FHA Home Loans] → /fha-home-loans-arizona/
  [FHA Streamline Refinance] → /fha-streamline-refinance-arizona/
  [First-time Home Buyer Guide] → /first-time-home-buyer-arizona-guide/
  [Jumbo Loans] → /jumbo-loans-arizona/
  [Private Money Lender] → /private-money-lender-arizona/
  [Mortgage Refinancing] → /refinancing-arizona/
  [Reverse Mortgage] → /reverse-mortgage-arizona/
  [Reverse Mortgage for a Home Purchase] → /reverse-mortgage-home-purchase-arizona/
  [VA Loans] → /va-loans-arizona/
  [Conventional vs FHA Loans] → /conventional-vs-fha-loans-arizona/
  [Calculators] → /mortgage-calculator-arizona/
  [Basic Mortgage Payment Calculator] → /basic-mortgage-payment-calculator/
  [Mortgage Affordability Calculator] → /mortgage-affordability-calculator/
  [Refinance Calculator] → /refinance-calculator/
  [Rent vs. Buy Calculator] → /rent-vs-buy-calculator/
  [Extra Payment Mortgage Calculator] → /extra-payment-mortgage-calculator/
  [FHA Loan Calculator] → /fha-loan-calculator/
  [VA Loan Calculator] → /va-loan-calculator/
  [Down Payment Calculator] → /down-payment-calculator/
  [Debt-to-Income Ratio Calculator] → /debt-to-income-ratio-calculator/
  [Home Purchase Closing Cost Calculator] → /home-purchase-closing-cost-calculator/
  [Areas We Serve] → /service-areas/
  [Mohave County] → /service-areas/mohave-county-az/
  [Colorado City] → /service-areas/mohave-county-az/colorado-city/
  [Resources] → /buying-down-your-arizona-interest-rate/
  [Mortgage Insights] → /blog/
  [Videos] → /videos/
  [Home Cash Sale Guide] → /how-to-sell-my-house-fast-in-arizona/
  [Realtors] → /realtorteam/
  [Reverse Mortgage for Purchase] → /reverse-mortgage-home-purchase-arizona/
  [Sell Home for Cash] → /sell-my-house-fast-arizona/
  [Basic Mortgage Payment] → /basic-mortgage-payment-calculator/
  [Mortgage Affordability] → /mortgage-affordability-calculator/
  [Debt-to-Income Ratio] → /debt-to-income-ratio-calculator/
  [Extra Payment Mortgage] → /extra-payment-mortgage-calculator/
  [Home Purchase Closing Cost] → /home-purchase-closing-cost-calculator/
  [Maricopa County] → /service-areas/maricopa-county-az/
  [Pima County] → /service-areas/pima-county-az/
  [Pinal County] → /service-areas/pinal-county-az/
  [Yavapai County] → /service-areas/yavapai-county-az/
  [Coconino County] → /service-areas/coconino-county-az/
  [Navajo County] → /service-areas/navajo-county-az/
  [Apache County] → /service-areas/apache-county-az/
  [Gila County] → /service-areas/gila-county-az/
  [Cochise County] → /service-areas/cochise-county-az/
  [Graham County] → /service-areas/graham-county-az/
  [Greenlee County] → /service-areas/greenlee-county-az/
  [Santa Cruz County] → /service-areas/santa-cruz-county-az/
  [La Paz County] → /service-areas/la-paz-county-az/
  [Yuma County] → /service-areas/yuma-county-az/
  [![Image 2: Mortgage Brothers Logo] → /wp-content/uploads/2025/02/mortgage-brothers-logo-green-new.png/
  [LOAN PROGRAMS ▸] → /mortgage-loan-programs-arizona/
  [CALCULATORS ▸] → /mortgage-calculator-arizona/
  [AREAS WE SERVE ▸] → /service-areas/
  [Resources ▸] → /buying-down-your-arizona-interest-rate/
  [MORE ▾] → /buying-down-your-arizona-interest-rate/
  [Image 3: How buying down your mortgage interest rate can reduce monthly payments.] → /wp-content/uploads/2025/02/buying-down-your-home-loan-interest-rate.jpg/
  [Get a Free Rate Analysis] → /buying-down-your-arizona-interest-rate/
  [![Image 4: Expert mortgage solutions to help you find your dream home with competitive rates and personalized guidance] → /wp-content/uploads/2025/01/arizona-mortgage-solutions-banner-scaled.jpg/

20. /arizona-second-mortgages/ (63 missing)
  [![Image 1: Mortgage Brothers Logo] → /wp-content/uploads/2025/02/mortgage-brothers-logo-green-new.png/
  [About Us] → /about-us/
  [Loan Programs] → /mortgage-loan-programs-arizona/
  [Conventional Home Loans] → /conventional-home-loans-arizona/
  [FHA Home Loans] → /fha-home-loans-arizona/
  [FHA Streamline Refinance] → /fha-streamline-refinance-arizona/
  [First-time Home Buyer Guide] → /first-time-home-buyer-arizona-guide/
  [Jumbo Loans] → /jumbo-loans-arizona/
  [Private Money Lender] → /private-money-lender-arizona/
  [Mortgage Refinancing] → /refinancing-arizona/
  [Reverse Mortgage] → /reverse-mortgage-arizona/
  [Reverse Mortgage for a Home Purchase] → /reverse-mortgage-home-purchase-arizona/
  [VA Loans] → /va-loans-arizona/
  [Conventional vs FHA Loans] → /conventional-vs-fha-loans-arizona/
  [Calculators] → /mortgage-calculator-arizona/
  [Basic Mortgage Payment Calculator] → /basic-mortgage-payment-calculator/
  [Mortgage Affordability Calculator] → /mortgage-affordability-calculator/
  [Refinance Calculator] → /refinance-calculator/
  [Rent vs. Buy Calculator] → /rent-vs-buy-calculator/
  [Extra Payment Mortgage Calculator] → /extra-payment-mortgage-calculator/
  [FHA Loan Calculator] → /fha-loan-calculator/
  [VA Loan Calculator] → /va-loan-calculator/
  [Down Payment Calculator] → /down-payment-calculator/
  [Debt-to-Income Ratio Calculator] → /debt-to-income-ratio-calculator/
  [Home Purchase Closing Cost Calculator] → /home-purchase-closing-cost-calculator/
  [Areas We Serve] → /service-areas/
  [Mohave County] → /service-areas/mohave-county-az/
  [Colorado City] → /service-areas/mohave-county-az/colorado-city/
  [Resources] → /arizona-second-mortgages/
  [Mortgage Insights] → /blog/
  [Videos] → /videos/
  [Home Cash Sale Guide] → /how-to-sell-my-house-fast-in-arizona/
  [Realtors] → /realtorteam/
  [Reverse Mortgage for Purchase] → /reverse-mortgage-home-purchase-arizona/
  [Sell Home for Cash] → /sell-my-house-fast-arizona/
  [Basic Mortgage Payment] → /basic-mortgage-payment-calculator/
  [Mortgage Affordability] → /mortgage-affordability-calculator/
  [Debt-to-Income Ratio] → /debt-to-income-ratio-calculator/
  [Extra Payment Mortgage] → /extra-payment-mortgage-calculator/
  [Home Purchase Closing Cost] → /home-purchase-closing-cost-calculator/
  [Maricopa County] → /service-areas/maricopa-county-az/
  [Pima County] → /service-areas/pima-county-az/
  [Pinal County] → /service-areas/pinal-county-az/
  [Yavapai County] → /service-areas/yavapai-county-az/
  [Coconino County] → /service-areas/coconino-county-az/
  [Navajo County] → /service-areas/navajo-county-az/
  [Apache County] → /service-areas/apache-county-az/
  [Gila County] → /service-areas/gila-county-az/
  [Cochise County] → /service-areas/cochise-county-az/
  [Graham County] → /service-areas/graham-county-az/
  [Greenlee County] → /service-areas/greenlee-county-az/
  [Santa Cruz County] → /service-areas/santa-cruz-county-az/
  [La Paz County] → /service-areas/la-paz-county-az/
  [Yuma County] → /service-areas/yuma-county-az/
  [![Image 2: Mortgage Brothers Logo] → /wp-content/uploads/2025/02/mortgage-brothers-logo-green-new.png/
  [LOAN PROGRAMS ▸] → /mortgage-loan-programs-arizona/
  [CALCULATORS ▸] → /mortgage-calculator-arizona/
  [AREAS WE SERVE ▸] → /service-areas/
  [Resources ▸] → /arizona-second-mortgages/
  [MORE ▾] → /arizona-second-mortgages/
  [Image 3: Understanding Arizona second mortgages and how they help homeowners access equity.] → /wp-content/uploads/2025/02/arizona-second-mortgages.jpg/
  [Get a Free Second Mortgage Consultation] → /arizona-second-mortgages/
  [![Image 4: Expert mortgage solutions to help you find your dream home with competitive rates and personalized guidance] → /wp-content/uploads/2025/01/arizona-mortgage-solutions-banner-scaled.jpg/

21. /arizona-real-estate-capital-gains-is-back/ (64 missing)
  [![Image 1: Mortgage Brothers Logo] → /wp-content/uploads/2025/02/mortgage-brothers-logo-green-new.png/
  [About Us] → /about-us/
  [Loan Programs] → /mortgage-loan-programs-arizona/
  [Conventional Home Loans] → /conventional-home-loans-arizona/
  [FHA Home Loans] → /fha-home-loans-arizona/
  [FHA Streamline Refinance] → /fha-streamline-refinance-arizona/
  [First-time Home Buyer Guide] → /first-time-home-buyer-arizona-guide/
  [Jumbo Loans] → /jumbo-loans-arizona/
  [Private Money Lender] → /private-money-lender-arizona/
  [Mortgage Refinancing] → /refinancing-arizona/
  [Reverse Mortgage] → /reverse-mortgage-arizona/
  [Reverse Mortgage for a Home Purchase] → /reverse-mortgage-home-purchase-arizona/
  [VA Loans] → /va-loans-arizona/
  [Conventional vs FHA Loans] → /conventional-vs-fha-loans-arizona/
  [Calculators] → /mortgage-calculator-arizona/
  [Basic Mortgage Payment Calculator] → /basic-mortgage-payment-calculator/
  [Mortgage Affordability Calculator] → /mortgage-affordability-calculator/
  [Refinance Calculator] → /refinance-calculator/
  [Rent vs. Buy Calculator] → /rent-vs-buy-calculator/
  [Extra Payment Mortgage Calculator] → /extra-payment-mortgage-calculator/
  [FHA Loan Calculator] → /fha-loan-calculator/
  [VA Loan Calculator] → /va-loan-calculator/
  [Down Payment Calculator] → /down-payment-calculator/
  [Debt-to-Income Ratio Calculator] → /debt-to-income-ratio-calculator/
  [Home Purchase Closing Cost Calculator] → /home-purchase-closing-cost-calculator/
  [Areas We Serve] → /service-areas/
  [Mohave County] → /service-areas/mohave-county-az/
  [Colorado City] → /service-areas/mohave-county-az/colorado-city/
  [Resources] → /arizona-real-estate-capital-gains-is-back/
  [Mortgage Insights] → /blog/
  [Videos] → /videos/
  [Home Cash Sale Guide] → /how-to-sell-my-house-fast-in-arizona/
  [Realtors] → /realtorteam/
  [Reverse Mortgage for Purchase] → /reverse-mortgage-home-purchase-arizona/
  [Sell Home for Cash] → /sell-my-house-fast-arizona/
  [Basic Mortgage Payment] → /basic-mortgage-payment-calculator/
  [Mortgage Affordability] → /mortgage-affordability-calculator/
  [Debt-to-Income Ratio] → /debt-to-income-ratio-calculator/
  [Extra Payment Mortgage] → /extra-payment-mortgage-calculator/
  [Home Purchase Closing Cost] → /home-purchase-closing-cost-calculator/
  [Maricopa County] → /service-areas/maricopa-county-az/
  [Pima County] → /service-areas/pima-county-az/
  [Pinal County] → /service-areas/pinal-county-az/
  [Yavapai County] → /service-areas/yavapai-county-az/
  [Coconino County] → /service-areas/coconino-county-az/
  [Navajo County] → /service-areas/navajo-county-az/
  [Apache County] → /service-areas/apache-county-az/
  [Gila County] → /service-areas/gila-county-az/
  [Cochise County] → /service-areas/cochise-county-az/
  [Graham County] → /service-areas/graham-county-az/
  [Greenlee County] → /service-areas/greenlee-county-az/
  [Santa Cruz County] → /service-areas/santa-cruz-county-az/
  [La Paz County] → /service-areas/la-paz-county-az/
  [Yuma County] → /service-areas/yuma-county-az/
  [![Image 2: Mortgage Brothers Logo] → /wp-content/uploads/2025/02/mortgage-brothers-logo-green-new.png/
  [LOAN PROGRAMS ▸] → /mortgage-loan-programs-arizona/
  [CALCULATORS ▸] → /mortgage-calculator-arizona/
  [AREAS WE SERVE ▸] → /service-areas/
  [Resources ▸] → /arizona-real-estate-capital-gains-is-back/
  [MORE ▾] → /arizona-real-estate-capital-gains-is-back/
  [Image 3: Understanding Arizona real estate capital gains taxes for home sellers.] → /wp-content/uploads/2025/02/arizona-real-estate-capital-gains-is-back.jpg/
  [Get a Free Capital Gains Tax Consultation] → /arizona-real-estate-capital-gains-is-back/
  [Next Post →] → /assumable-mortgage/
  [![Image 4: Expert mortgage solutions to help you find your dream home with competitive rates and personalized guidance] → /wp-content/uploads/2025/01/arizona-mortgage-solutions-banner-scaled.jpg/

22. /delayed-financing-how-to-get-cashout-without-waiting-6-months-seasoning/ (1 missing)
  [Image 1: CDN icon] → https://d1rozh26tys225.cloudfront.net/loader.svg

23. /what-is-an-example-of-a-mortgage-recast/ (1 missing)
  [Image 1: CDN icon] → https://d1rozh26tys225.cloudfront.net/loader.svg

24. /buying-a-house-with-a-cash-offer-and-simultaneously-getting-mortgage-financing/ (5 missing)
  [How to buy a house with cash offer while getting mortgage financing] → /buying-a-house-with-a-cash-offer-and-simultaneously-getting-mortgage-financing/
  [How we solve the problem] → /buying-a-house-with-a-cash-offer-and-simultaneously-getting-mortgage-financing/
  [So how do you do this?] → /buying-a-house-with-a-cash-offer-and-simultaneously-getting-mortgage-financing/
  [Any complicated parts?] → /buying-a-house-with-a-cash-offer-and-simultaneously-getting-mortgage-financing/
  [Transcript of the Mortgage Brothers Podcast] → /buying-a-house-with-a-cash-offer-and-simultaneously-getting-mortgage-financing/

25. /how-does-my-car-loan-payment-affect-my-mortgage/ (7 missing)
  [There are two main buckets our borrowers tend to fall into] → /how-does-my-car-loan-payment-affect-my-mortgage/
  [How much more home can I get if I don’t have a $250 car payment?] → /how-does-my-car-loan-payment-affect-my-mortgage/
  [How much more home can I get if I don’t have a $400 car payment?] → /how-does-my-car-loan-payment-affect-my-mortgage/
  [How much more home can I get if I don’t have a $600 car payment?] → /how-does-my-car-loan-payment-affect-my-mortgage/
  [How much more home can I get if I don’t have a $1000 car payment?] → /how-does-my-car-loan-payment-affect-my-mortgage/
  [We recommend keeping your car payments as low as possible] → /how-does-my-car-loan-payment-affect-my-mortgage/
  [Transcript of the Mortgage Brothers Podcast] → /how-does-my-car-loan-payment-affect-my-mortgage/

26. /grossing-up-your-income-what-does-that-mean/ (4 missing)
  [What’s an example of grossing up?] → /grossing-up-your-income-what-does-that-mean/
  [What other incomes are typically allowed to be grossed up?] → /grossing-up-your-income-what-does-that-mean/
  [What income may be grossed up?] → /grossing-up-your-income-what-does-that-mean/
  [Transcript of the Mortgage Brothers Podcast] → /grossing-up-your-income-what-does-that-mean/

27. /can-i-get-a-3rd-mortgage/ (1 missing)
  [Image 1: CDN icon] → https://d1rozh26tys225.cloudfront.net/loader.svg

28. /how-fast-is-too-fast-to-close-a-mortgage-loan-to-purchase-a-house/ (1 missing)
  [Image 1: CDN icon] → https://d1rozh26tys225.cloudfront.net/loader.svg

29. /what-is-the-difference-between-aan-arizona-condo-and-arizona-townhome/ (66 missing)
  [![Image 1: Mortgage Brothers Logo] → /wp-content/uploads/2025/02/mortgage-brothers-logo-green-new.png/
  [About Us] → /about-us/
  [Loan Programs] → /mortgage-loan-programs-arizona/
  [Conventional Home Loans] → /conventional-home-loans-arizona/
  [FHA Home Loans] → /fha-home-loans-arizona/
  [FHA Streamline Refinance] → /fha-streamline-refinance-arizona/
  [First-time Home Buyer Guide] → /first-time-home-buyer-arizona-guide/
  [Jumbo Loans] → /jumbo-loans-arizona/
  [Private Money Lender] → /private-money-lender-arizona/
  [Mortgage Refinancing] → /refinancing-arizona/
  [Reverse Mortgage] → /reverse-mortgage-arizona/
  [Reverse Mortgage for a Home Purchase] → /reverse-mortgage-home-purchase-arizona/
  [VA Loans] → /va-loans-arizona/
  [Conventional vs FHA Loans] → /conventional-vs-fha-loans-arizona/
  [Calculators] → /mortgage-calculator-arizona/
  [Basic Mortgage Payment Calculator] → /basic-mortgage-payment-calculator/
  [Mortgage Affordability Calculator] → /mortgage-affordability-calculator/
  [Refinance Calculator] → /refinance-calculator/
  [Rent vs. Buy Calculator] → /rent-vs-buy-calculator/
  [Extra Payment Mortgage Calculator] → /extra-payment-mortgage-calculator/
  [FHA Loan Calculator] → /fha-loan-calculator/
  [VA Loan Calculator] → /va-loan-calculator/
  [Down Payment Calculator] → /down-payment-calculator/
  [Debt-to-Income Ratio Calculator] → /debt-to-income-ratio-calculator/
  [Home Purchase Closing Cost Calculator] → /home-purchase-closing-cost-calculator/
  [Areas We Serve] → /service-areas/
  [Mohave County] → /service-areas/mohave-county-az/
  [Colorado City] → /service-areas/mohave-county-az/colorado-city/
  [Resources] → /what-is-the-difference-between-aan-arizona-condo-and-arizona-townhome/
  [Mortgage Insights] → /blog/
  [Videos] → /videos/
  [Home Cash Sale Guide] → /how-to-sell-my-house-fast-in-arizona/
  [Realtors] → /realtorteam/
  [Reverse Mortgage for Purchase] → /reverse-mortgage-home-purchase-arizona/
  [Sell Home for Cash] → /sell-my-house-fast-arizona/
  [Basic Mortgage Payment] → /basic-mortgage-payment-calculator/
  [Mortgage Affordability] → /mortgage-affordability-calculator/
  [Debt-to-Income Ratio] → /debt-to-income-ratio-calculator/
  [Extra Payment Mortgage] → /extra-payment-mortgage-calculator/
  [Home Purchase Closing Cost] → /home-purchase-closing-cost-calculator/
  [Maricopa County] → /service-areas/maricopa-county-az/
  [Pima County] → /service-areas/pima-county-az/
  [Pinal County] → /service-areas/pinal-county-az/
  [Yavapai County] → /service-areas/yavapai-county-az/
  [Coconino County] → /service-areas/coconino-county-az/
  [Navajo County] → /service-areas/navajo-county-az/
  [Apache County] → /service-areas/apache-county-az/
  [Gila County] → /service-areas/gila-county-az/
  [Cochise County] → /service-areas/cochise-county-az/
  [Graham County] → /service-areas/graham-county-az/
  [Greenlee County] → /service-areas/greenlee-county-az/
  [Santa Cruz County] → /service-areas/santa-cruz-county-az/
  [La Paz County] → /service-areas/la-paz-county-az/
  [Yuma County] → /service-areas/yuma-county-az/
  [![Image 2: Mortgage Brothers Logo] → /wp-content/uploads/2025/02/mortgage-brothers-logo-green-new.png/
  [LOAN PROGRAMS ▸] → /mortgage-loan-programs-arizona/
  [CALCULATORS ▸] → /mortgage-calculator-arizona/
  [AREAS WE SERVE ▸] → /service-areas/
  [Resources ▸] → /what-is-the-difference-between-aan-arizona-condo-and-arizona-townhome/
  [MORE ▾] → /what-is-the-difference-between-aan-arizona-condo-and-arizona-townhome/
  [Image 3: Comparison of the differences between a condo and a townhome, including ownership and costs.] → /wp-content/uploads/2025/02/what-is-the-difference-between-a-condo-and-a-townhome.jpg/
  [Get a Free Homebuying Consultation] → /what-is-the-difference-between-aan-arizona-condo-and-arizona-townhome/
  [Fannie Mae] → https://www.fanniemae.com/
  [Freddie Mac] → https://www.freddiemac.com/
  [← Previous Post] → /how-fast-is-too-fast-to-close-a-mortgage-loan-to-purchase-a-house/
  [![Image 4: Expert mortgage solutions to help you find your dream home with competitive rates and personalized guidance] → /wp-content/uploads/2025/01/arizona-mortgage-solutions-banner-scaled.jpg/

30. /detached-guest-home-casita-appraisal-issues/ (5 missing)
  [Refinancing Perspective] → /detached-guest-home-casita-appraisal-issues/
  [Purchasing Perspective] → /detached-guest-home-casita-appraisal-issues/
  [Building Perspective] → /detached-guest-home-casita-appraisal-issues/
  [To Summarize] → /detached-guest-home-casita-appraisal-issues/
  [Transcript of the Mortgage Brothers Podcast: Detached Guest Homes (Casitas) and Appraisal Challenges] → /detached-guest-home-casita-appraisal-issues/

31. /difference-between-owner-occupied-second-home-and-investment-property/ (67 missing)
  [![Image 1: Mortgage Brothers Logo] → /wp-content/uploads/2025/02/mortgage-brothers-logo-green-new.png/
  [About Us] → /about-us/
  [Loan Programs] → /mortgage-loan-programs-arizona/
  [Conventional Home Loans] → /conventional-home-loans-arizona/
  [FHA Home Loans] → /fha-home-loans-arizona/
  [FHA Streamline Refinance] → /fha-streamline-refinance-arizona/
  [First-time Home Buyer Guide] → /first-time-home-buyer-arizona-guide/
  [Jumbo Loans] → /jumbo-loans-arizona/
  [Private Money Lender] → /private-money-lender-arizona/
  [Mortgage Refinancing] → /refinancing-arizona/
  [Reverse Mortgage] → /reverse-mortgage-arizona/
  [Reverse Mortgage for a Home Purchase] → /reverse-mortgage-home-purchase-arizona/
  [VA Loans] → /va-loans-arizona/
  [Conventional vs FHA Loans] → /conventional-vs-fha-loans-arizona/
  [Calculators] → /mortgage-calculator-arizona/
  [Basic Mortgage Payment Calculator] → /basic-mortgage-payment-calculator/
  [Mortgage Affordability Calculator] → /mortgage-affordability-calculator/
  [Refinance Calculator] → /refinance-calculator/
  [Rent vs. Buy Calculator] → /rent-vs-buy-calculator/
  [Extra Payment Mortgage Calculator] → /extra-payment-mortgage-calculator/
  [FHA Loan Calculator] → /fha-loan-calculator/
  [VA Loan Calculator] → /va-loan-calculator/
  [Down Payment Calculator] → /down-payment-calculator/
  [Debt-to-Income Ratio Calculator] → /debt-to-income-ratio-calculator/
  [Home Purchase Closing Cost Calculator] → /home-purchase-closing-cost-calculator/
  [Areas We Serve] → /service-areas/
  [Mohave County] → /service-areas/mohave-county-az/
  [Colorado City] → /service-areas/mohave-county-az/colorado-city/
  [Resources] → /difference-between-owner-occupied-second-home-and-investment-property/
  [Mortgage Insights] → /blog/
  [Videos] → /videos/
  [Home Cash Sale Guide] → /how-to-sell-my-house-fast-in-arizona/
  [Realtors] → /realtorteam/
  [Reverse Mortgage for Purchase] → /reverse-mortgage-home-purchase-arizona/
  [Sell Home for Cash] → /sell-my-house-fast-arizona/
  [Basic Mortgage Payment] → /basic-mortgage-payment-calculator/
  [Mortgage Affordability] → /mortgage-affordability-calculator/
  [Debt-to-Income Ratio] → /debt-to-income-ratio-calculator/
  [Extra Payment Mortgage] → /extra-payment-mortgage-calculator/
  [Home Purchase Closing Cost] → /home-purchase-closing-cost-calculator/
  [Maricopa County] → /service-areas/maricopa-county-az/
  [Pima County] → /service-areas/pima-county-az/
  [Pinal County] → /service-areas/pinal-county-az/
  [Yavapai County] → /service-areas/yavapai-county-az/
  [Coconino County] → /service-areas/coconino-county-az/
  [Navajo County] → /service-areas/navajo-county-az/
  [Apache County] → /service-areas/apache-county-az/
  [Gila County] → /service-areas/gila-county-az/
  [Cochise County] → /service-areas/cochise-county-az/
  [Graham County] → /service-areas/graham-county-az/
  [Greenlee County] → /service-areas/greenlee-county-az/
  [Santa Cruz County] → /service-areas/santa-cruz-county-az/
  [La Paz County] → /service-areas/la-paz-county-az/
  [Yuma County] → /service-areas/yuma-county-az/
  [![Image 2: Mortgage Brothers Logo] → /wp-content/uploads/2025/02/mortgage-brothers-logo-green-new.png/
  [LOAN PROGRAMS ▸] → /mortgage-loan-programs-arizona/
  [CALCULATORS ▸] → /mortgage-calculator-arizona/
  [AREAS WE SERVE ▸] → /service-areas/
  [Resources ▸] → /difference-between-owner-occupied-second-home-and-investment-property/
  [MORE ▾] → /difference-between-owner-occupied-second-home-and-investment-property/
  [Image 3: Comparison of owner-occupied, second home, and investment property classifications.] → /wp-content/uploads/2025/02/owner-occupied-vs-second-home-vs-investment-property.jpg/
  [Get a Free Property Classification Review] → /difference-between-owner-occupied-second-home-and-investment-property/
  [HUD] → https://www.hud.gov/
  [connecting a guest house to your main home adds va] → /connecting-guest-house-main-house-add-value/
  [lue] → /connecting-guest-house-main-house-add-value/
  [Next Post →] → /seller-concessions-to-buyers-how-much/
  [![Image 4: Expert mortgage solutions to help you find your dream home with competitive rates and personalized guidance] → /wp-content/uploads/2025/01/arizona-mortgage-solutions-banner-scaled.jpg/

32. /buying-or-selling-personal-property-with-your-home-sale-must-watch-this-first/ (1 missing)
  [Image 1: CDN icon] → https://d1rozh26tys225.cloudfront.net/loader.svg

33. /how-to-skip-2-payments-on-your-mortgage/ (1 missing)
  [Image 1: CDN icon] → https://d1rozh26tys225.cloudfront.net/loader.svg

34. /put-bow-fha-loan-gift-guide/ (62 missing)
  [![Image 1: Mortgage Brothers Logo] → /wp-content/uploads/2025/02/mortgage-brothers-logo-green-new.png/
  [About Us] → /about-us/
  [Loan Programs] → /mortgage-loan-programs-arizona/
  [FHA Streamline Refinance] → /fha-streamline-refinance-arizona/
  [Jumbo Loans] → /jumbo-loans-arizona/
  [Private Money Lender] → /private-money-lender-arizona/
  [Mortgage Refinancing] → /refinancing-arizona/
  [Reverse Mortgage] → /reverse-mortgage-arizona/
  [Reverse Mortgage for a Home Purchase] → /reverse-mortgage-home-purchase-arizona/
  [VA Loans] → /va-loans-arizona/
  [Conventional vs FHA Loans] → /conventional-vs-fha-loans-arizona/
  [Calculators] → /mortgage-calculator-arizona/
  [Basic Mortgage Payment Calculator] → /basic-mortgage-payment-calculator/
  [Mortgage Affordability Calculator] → /mortgage-affordability-calculator/
  [Refinance Calculator] → /refinance-calculator/
  [Rent vs. Buy Calculator] → /rent-vs-buy-calculator/
  [Extra Payment Mortgage Calculator] → /extra-payment-mortgage-calculator/
  [FHA Loan Calculator] → /fha-loan-calculator/
  [VA Loan Calculator] → /va-loan-calculator/
  [Down Payment Calculator] → /down-payment-calculator/
  [Debt-to-Income Ratio Calculator] → /debt-to-income-ratio-calculator/
  [Home Purchase Closing Cost Calculator] → /home-purchase-closing-cost-calculator/
  [Areas We Serve] → /service-areas/
  [Mohave County] → /service-areas/mohave-county-az/
  [Colorado City] → /service-areas/mohave-county-az/colorado-city/
  [Resources] → /put-bow-fha-loan-gift-guide/
  [Mortgage Insights] → /blog/
  [Videos] → /videos/
  [Home Cash Sale Guide] → /how-to-sell-my-house-fast-in-arizona/
  [Realtors] → /realtorteam/
  [Reverse Mortgage for Purchase] → /reverse-mortgage-home-purchase-arizona/
  [Sell Home for Cash] → /sell-my-house-fast-arizona/
  [Basic Mortgage Payment] → /basic-mortgage-payment-calculator/
  [Mortgage Affordability] → /mortgage-affordability-calculator/
  [Debt-to-Income Ratio] → /debt-to-income-ratio-calculator/
  [Extra Payment Mortgage] → /extra-payment-mortgage-calculator/
  [Home Purchase Closing Cost] → /home-purchase-closing-cost-calculator/
  [Maricopa County] → /service-areas/maricopa-county-az/
  [Pima County] → /service-areas/pima-county-az/
  [Pinal County] → /service-areas/pinal-county-az/
  [Yavapai County] → /service-areas/yavapai-county-az/
  [Coconino County] → /service-areas/coconino-county-az/
  [Navajo County] → /service-areas/navajo-county-az/
  [Apache County] → /service-areas/apache-county-az/
  [Gila County] → /service-areas/gila-county-az/
  [Cochise County] → /service-areas/cochise-county-az/
  [Graham County] → /service-areas/graham-county-az/
  [Greenlee County] → /service-areas/greenlee-county-az/
  [Santa Cruz County] → /service-areas/santa-cruz-county-az/
  [La Paz County] → /service-areas/la-paz-county-az/
  [Yuma County] → /service-areas/yuma-county-az/
  [![Image 2: Mortgage Brothers Logo] → /wp-content/uploads/2025/02/mortgage-brothers-logo-green-new.png/
  [LOAN PROGRAMS ▸] → /mortgage-loan-programs-arizona/
  [CALCULATORS ▸] → /mortgage-calculator-arizona/
  [AREAS WE SERVE ▸] → /service-areas/
  [Resources ▸] → /put-bow-fha-loan-gift-guide/
  [MORE ▾] → /put-bow-fha-loan-gift-guide/
  [Image 3: FHA Loan Gift Guide on using gift funds for a down payment] → /wp-content/uploads/2025/02/put-a-bow-on-it-fha-loan-gift-guide.jpg/
  [Get FHA Loan Guidance] → /put-bow-fha-loan-gift-guide/
  [Inquiry Form] → /put-bow-fha-loan-gift-guide/
  [Next Post →] → /lsu-forms-loan-status-updates-and-what-you-need-to-know/
  [![Image 4: Expert mortgage solutions to help you find your dream home with competitive rates and personalized guidance] → /wp-content/uploads/2025/01/arizona-mortgage-solutions-banner-scaled.jpg/

36. /how-do-solar-panels-affect-the-mortgage-and-closing-process/ (1 missing)
  [Image 1: CDN icon] → https://d1rozh26tys225.cloudfront.net/loader.svg

37. /get-part-income-commission-can-use-qualify-loan/ (11 missing)
  [FHA Loans requirements to use Commission Income] → /get-part-income-commission-can-use-qualify-loan/
  [VA Loan requirements to use Commission Income] → /get-part-income-commission-can-use-qualify-loan/
  [Conventional Loan requirements to use Commission Income] → /get-part-income-commission-can-use-qualify-loan/
  [Keep in Mind] → /get-part-income-commission-can-use-qualify-loan/
  [Conclusion] → /get-part-income-commission-can-use-qualify-loan/
  [We’re Here To Help!] → /get-part-income-commission-can-use-qualify-loan/
  [Transcript of the Mortgage Brothers Podcast] → /get-part-income-commission-can-use-qualify-loan/
  [FHA Loans] → /fha-home-loans-arizona/
  [VA Loan] → /va-loans-arizona/
  [Conventional Loan] → /conventional-home-loans-arizona/
  [Inquiry Form] → /get-part-income-commission-can-use-qualify-loan/

38. /how-to-count-commissions-and-bonuses-and-tips/ (1 missing)
  [Image 1: CDN icon] → https://d1rozh26tys225.cloudfront.net/loader.svg

39. /who-can-and-cannot-be-on-title-when-you-get-a-mortgage/ (7 missing)
  [Can you add your spouse to the title?] → /who-can-and-cannot-be-on-title-when-you-get-a-mortgage/
  [Can your spouse be on the title even if they’re not on the mortgage?] → /who-can-and-cannot-be-on-title-when-you-get-a-mortgage/
  [What if you don’t want your spouse on the title?] → /who-can-and-cannot-be-on-title-when-you-get-a-mortgage/
  [Are you in a community property state?] → /who-can-and-cannot-be-on-title-when-you-get-a-mortgage/
  [What about putting a title in the name of a trust?] → /who-can-and-cannot-be-on-title-when-you-get-a-mortgage/
  [We suggest speaking with an attorney when dealing with any transfer of title] → /who-can-and-cannot-be-on-title-when-you-get-a-mortgage/
  [Transcript of the Mortgage Brothers Podcast] → /who-can-and-cannot-be-on-title-when-you-get-a-mortgage/

40. /is-the-mortgage-interest-tax-deduction-really-a-big-deal/ (1 missing)
  [Image 1: CDN icon] → https://d1rozh26tys225.cloudfront.net/loader.svg

41. /how-high-will-a-lender-allow-your-deductible-to-be/ (3 missing)
  [homeowners insurance deductibles] → https://www.investopedia.com/terms/h/homeowners-insurance.asp
  [closing costs on a home purchase] → /what-are-closing-costs-on-a-home-purchase/
  [mortgage payoff discrepancies] → /mortgage-payoff-higher-than-mortgage-balance/

42. /arizona-vacation-and-investment-home-mortgages/ (62 missing)
  [![Image 1: Mortgage Brothers Logo] → /wp-content/uploads/2025/02/mortgage-brothers-logo-green-new.png/
  [About Us] → /about-us/
  [Loan Programs] → /mortgage-loan-programs-arizona/
  [Conventional Home Loans] → /conventional-home-loans-arizona/
  [FHA Streamline Refinance] → /fha-streamline-refinance-arizona/
  [First-time Home Buyer Guide] → /first-time-home-buyer-arizona-guide/
  [Jumbo Loans] → /jumbo-loans-arizona/
  [Private Money Lender] → /private-money-lender-arizona/
  [Mortgage Refinancing] → /refinancing-arizona/
  [Reverse Mortgage] → /reverse-mortgage-arizona/
  [Reverse Mortgage for a Home Purchase] → /reverse-mortgage-home-purchase-arizona/
  [Conventional vs FHA Loans] → /conventional-vs-fha-loans-arizona/
  [Calculators] → /mortgage-calculator-arizona/
  [Basic Mortgage Payment Calculator] → /basic-mortgage-payment-calculator/
  [Mortgage Affordability Calculator] → /mortgage-affordability-calculator/
  [Refinance Calculator] → /refinance-calculator/
  [Rent vs. Buy Calculator] → /rent-vs-buy-calculator/
  [Extra Payment Mortgage Calculator] → /extra-payment-mortgage-calculator/
  [FHA Loan Calculator] → /fha-loan-calculator/
  [VA Loan Calculator] → /va-loan-calculator/
  [Down Payment Calculator] → /down-payment-calculator/
  [Debt-to-Income Ratio Calculator] → /debt-to-income-ratio-calculator/
  [Home Purchase Closing Cost Calculator] → /home-purchase-closing-cost-calculator/
  [Areas We Serve] → /service-areas/
  [Mohave County] → /service-areas/mohave-county-az/
  [Colorado City] → /service-areas/mohave-county-az/colorado-city/
  [Resources] → /arizona-vacation-and-investment-home-mortgages/
  [Mortgage Insights] → /blog/
  [Videos] → /videos/
  [Home Cash Sale Guide] → /how-to-sell-my-house-fast-in-arizona/
  [Realtors] → /realtorteam/
  [Reverse Mortgage for Purchase] → /reverse-mortgage-home-purchase-arizona/
  [Sell Home for Cash] → /sell-my-house-fast-arizona/
  [Basic Mortgage Payment] → /basic-mortgage-payment-calculator/
  [Mortgage Affordability] → /mortgage-affordability-calculator/
  [Debt-to-Income Ratio] → /debt-to-income-ratio-calculator/
  [Extra Payment Mortgage] → /extra-payment-mortgage-calculator/
  [Home Purchase Closing Cost] → /home-purchase-closing-cost-calculator/
  [Maricopa County] → /service-areas/maricopa-county-az/
  [Pima County] → /service-areas/pima-county-az/
  [Pinal County] → /service-areas/pinal-county-az/
  [Yavapai County] → /service-areas/yavapai-county-az/
  [Coconino County] → /service-areas/coconino-county-az/
  [Navajo County] → /service-areas/navajo-county-az/
  [Apache County] → /service-areas/apache-county-az/
  [Gila County] → /service-areas/gila-county-az/
  [Cochise County] → /service-areas/cochise-county-az/
  [Graham County] → /service-areas/graham-county-az/
  [Greenlee County] → /service-areas/greenlee-county-az/
  [Santa Cruz County] → /service-areas/santa-cruz-county-az/
  [La Paz County] → /service-areas/la-paz-county-az/
  [Yuma County] → /service-areas/yuma-county-az/
  [![Image 2: Mortgage Brothers Logo] → /wp-content/uploads/2025/02/mortgage-brothers-logo-green-new.png/
  [LOAN PROGRAMS ▸] → /mortgage-loan-programs-arizona/
  [CALCULATORS ▸] → /mortgage-calculator-arizona/
  [AREAS WE SERVE ▸] → /service-areas/
  [Resources ▸] → /arizona-vacation-and-investment-home-mortgages/
  [MORE ▾] → /arizona-vacation-and-investment-home-mortgages/
  [Image 3: A guide to Arizona vacation and investment home mortgages covering options and strategies] → /wp-content/uploads/2025/02/arizona-vacation-and-investment-home-mortgages.jpg/
  [bank owned REO] → https://www.investopedia.com/terms/r/realestateowned.asp
  [Next Post →] → /what-is-a-conventional-home-loan-the-complete-first-time-buyer-mortgage-guide/
  [![Image 4: Expert mortgage solutions to help you find your dream home with competitive rates and personalized guidance] → /wp-content/uploads/2025/01/arizona-mortgage-solutions-banner-scaled.jpg/

43. /if-i-have-1-mortgage-late-in-the-past-12-months-can-i-get-approved-for-a-mortgage/ (1 missing)
  [Image 1: CDN icon] → https://d1rozh26tys225.cloudfront.net/loader.svg

44. /what-is-a-conventional-home-loan-the-complete-first-time-buyer-mortgage-guide/ (1 missing)
  [Image 1: CDN icon] → https://d1rozh26tys225.cloudfront.net/loader.svg

45. /arizona-real-estate-trends-in-2026-predicting-mortgage-rates-for-the-coming-year/ (1 missing)
  [mortgage rates] → /mortgage-rates-tool-arizona/

47. /va-loans-for-first-time-homebuyers-in-arizona-your-path-to-affordable-homeownership/ (4 missing)
  [VA loans] → /va-loans-arizona/
  [VA Funding Fee] → https://www.benefits.va.gov/homeloans/purchaseco_loan_fee.asp
  [VA loan] → /va-loans-arizona/
  [1599 E Orangewood Ave Suite 200, Phoenix, AZ 85020] → https://goo.gl/maps/GVLYa

48. /how-to-get-a-mortgage-in-arizona-with-fair-or-improving-credit/ (92 missing)
  [![Image 1: Mortgage Brothers Logo] → /wp-content/uploads/2025/02/mortgage-brothers-logo-green-new.png/
  [About Us] → /about-us/
  [Loan Programs] → /mortgage-loan-programs-arizona/
  [FHA Streamline Refinance] → /fha-streamline-refinance-arizona/
  [First-time Home Buyer Guide] → /first-time-home-buyer-arizona-guide/
  [Jumbo Loans] → /jumbo-loans-arizona/
  [Private Money Lender] → /private-money-lender-arizona/
  [Mortgage Refinancing] → /refinancing-arizona/
  [Reverse Mortgage] → /reverse-mortgage-arizona/
  [Reverse Mortgage for a Home Purchase] → /reverse-mortgage-home-purchase-arizona/
  [Conventional vs FHA Loans] → /conventional-vs-fha-loans-arizona/
  [Calculators] → /mortgage-calculator-arizona/
  [Basic Mortgage Payment Calculator] → /basic-mortgage-payment-calculator/
  [Mortgage Affordability Calculator] → /mortgage-affordability-calculator/
  [Refinance Calculator] → /refinance-calculator/
  [Rent vs. Buy Calculator] → /rent-vs-buy-calculator/
  [Extra Payment Mortgage Calculator] → /extra-payment-mortgage-calculator/
  [FHA Loan Calculator] → /fha-loan-calculator/
  [VA Loan Calculator] → /va-loan-calculator/
  [Down Payment Calculator] → /down-payment-calculator/
  [Debt-to-Income Ratio Calculator] → /debt-to-income-ratio-calculator/
  [Home Purchase Closing Cost Calculator] → /home-purchase-closing-cost-calculator/
  [Areas We Serve] → /service-areas/
  [Mohave County] → /service-areas/mohave-county-az/
  [Colorado City] → /service-areas/mohave-county-az/colorado-city/
  [Resources] → /how-to-get-a-mortgage-in-arizona-with-fair-or-improving-credit/
  [Mortgage Insights] → /blog/
  [Videos] → /videos/
  [Home Cash Sale Guide] → /how-to-sell-my-house-fast-in-arizona/
  [Realtors] → /realtorteam/
  [Reverse Mortgage for Purchase] → /reverse-mortgage-home-purchase-arizona/
  [Sell Home for Cash] → /sell-my-house-fast-arizona/
  [Basic Mortgage Payment] → /basic-mortgage-payment-calculator/
  [Mortgage Affordability] → /mortgage-affordability-calculator/
  [Debt-to-Income Ratio] → /debt-to-income-ratio-calculator/
  [Extra Payment Mortgage] → /extra-payment-mortgage-calculator/
  [Home Purchase Closing Cost] → /home-purchase-closing-cost-calculator/
  [Maricopa County] → /service-areas/maricopa-county-az/
  [Pima County] → /service-areas/pima-county-az/
  [Pinal County] → /service-areas/pinal-county-az/
  [Yavapai County] → /service-areas/yavapai-county-az/
  [Coconino County] → /service-areas/coconino-county-az/
  [Navajo County] → /service-areas/navajo-county-az/
  [Apache County] → /service-areas/apache-county-az/
  [Gila County] → /service-areas/gila-county-az/
  [Cochise County] → /service-areas/cochise-county-az/
  [Graham County] → /service-areas/graham-county-az/
  [Greenlee County] → /service-areas/greenlee-county-az/
  [Santa Cruz County] → /service-areas/santa-cruz-county-az/
  [La Paz County] → /service-areas/la-paz-county-az/
  [Yuma County] → /service-areas/yuma-county-az/
  [![Image 2: Mortgage Brothers Logo] → /wp-content/uploads/2025/02/mortgage-brothers-logo-green-new.png/
  [LOAN PROGRAMS ▸] → /mortgage-loan-programs-arizona/
  [CALCULATORS ▸] → /mortgage-calculator-arizona/
  [AREAS WE SERVE ▸] → /service-areas/
  [Resources ▸] → /how-to-get-a-mortgage-in-arizona-with-fair-or-improving-credit/
  [MORE ▾] → /how-to-get-a-mortgage-in-arizona-with-fair-or-improving-credit/
  [Arizona Mortgage Insights] → /arizona-mortgage-insights/
  [Mortgage Process Guidance] → /mortgage-process-guidance/
  [Get Your Mortgage Consultation] → /how-to-get-a-mortgage-in-arizona-with-fair-or-improving-credit/
  [Talk to a Local Mortgage Expert Today] → /how-to-get-a-mortgage-in-arizona-with-fair-or-improving-credit/
  [Mortgage Broker VS Banker] → /the-broker-advantage/
  [Client Reviews] → /client-mortgage-reviews/
  [News and Updates] → /blog/
  [Job Opportunities] → /job-opportunities/
  [Loan Applications] → /loan-applications/
  [Mortgage Rates] → /mortgage-rates-tool-arizona/
  [Mortgage Calculator] → /mortgage-calculator-arizona/
  [Mortgage 101] → /mortgage-101/
  [Credit Score Quiz] → /credit-score-quiz/
  [Glossary] → /glossary/
  [Arizona Loan Services] → /mortgage-loan-programs-arizona/
  [Refinancing] → /refinancing-arizona/
  [First Time Home Buyer] → /first-time-home-buyer-arizona-guide/
  [Mortgage for Excellent Credit] → /mortgage-for-excellent-credit/
  [Home Loans for Good Credit] → /mortgage-for-good-credit/
  [Mortgage Options for Poor Credit] → /mortgage-for-poor-credit/
  [Service Areas] → /service-areas/
  [1599 East Orangewood Ave Suite 200 Phoenix, AZ 85020] → https://goo.gl/maps/GVLYa
  [Follow] → https://www.facebook.com/azmortgagebrothers/%20%22Follow%20on%20Facebook%22
  [Follow] → https://x.com/azmortgagebros%20%22Follow%20on%20X%22
  [Follow] → https://www.linkedin.com/company/azmortgagebrothers/%20%22Follow%20on%20LinkedIn%22
  [Follow] → https://www.youtube.com/@TheMortgageBrothersTeam/%20%22Follow%20on%20Youtube%22
  [official NMLS Consumer Access website] → https://www.nmlsconsumeraccess.org/Home.aspx/SubSearch?searchText=1007154
  [Mortgage Broker License] → https://www.nmlsconsumeraccess.org/Home.aspx/SubSearch?searchText=1007154
  [Loan Originator License] → https://azdifi.portalus.thentiacloud.net/webs/portal/register/
  [Privacy Policy] → /privacy-policy/
  [Terms of Use] → /terms-of-use/
  [Image 3: Equal Housing Opportunity certification ensuring fair mortgage practices] → /wp-content/uploads/2024/12/equal-housing-opportunity-certification.png/
  [Image 4: Equal Housing Opportunity certification ensuring fair mortgage practices] → /wp-content/uploads/2024/12/shop-local-mortgage-support.png/
  [Image 5: Equal Housing Opportunity certification ensuring fair mortgage practices] → /wp-content/uploads/2024/12/angies-list-super-service-award.png/
  [Image 6: Equal Housing Opportunity certification ensuring fair mortgage practices] → /wp-content/uploads/2024/12/fha-approved-mortgage-lender.png/

50. /the-broker-advantage/ (65 missing)
  [![Image 1: Mortgage Brothers Logo] → /wp-content/uploads/2025/02/mortgage-brothers-logo-green-new.png/
  [About Us] → /about-us/
  [Loan Programs] → /mortgage-loan-programs-arizona/
  [Conventional Home Loans] → /conventional-home-loans-arizona/
  [FHA Home Loans] → /fha-home-loans-arizona/
  [FHA Streamline Refinance] → /fha-streamline-refinance-arizona/
  [First-time Home Buyer Guide] → /first-time-home-buyer-arizona-guide/
  [Jumbo Loans] → /jumbo-loans-arizona/
  [Private Money Lender] → /private-money-lender-arizona/
  [Mortgage Refinancing] → /refinancing-arizona/
  [Reverse Mortgage] → /reverse-mortgage-arizona/
  [Reverse Mortgage for a Home Purchase] → /reverse-mortgage-home-purchase-arizona/
  [VA Loans] → /va-loans-arizona/
  [Conventional vs FHA Loans] → /conventional-vs-fha-loans-arizona/
  [Calculators] → /mortgage-calculator-arizona/
  [Basic Mortgage Payment Calculator] → /basic-mortgage-payment-calculator/
  [Mortgage Affordability Calculator] → /mortgage-affordability-calculator/
  [Refinance Calculator] → /refinance-calculator/
  [Rent vs. Buy Calculator] → /rent-vs-buy-calculator/
  [Extra Payment Mortgage Calculator] → /extra-payment-mortgage-calculator/
  [FHA Loan Calculator] → /fha-loan-calculator/
  [VA Loan Calculator] → /va-loan-calculator/
  [Down Payment Calculator] → /down-payment-calculator/
  [Debt-to-Income Ratio Calculator] → /debt-to-income-ratio-calculator/
  [Home Purchase Closing Cost Calculator] → /home-purchase-closing-cost-calculator/
  [Areas We Serve] → /service-areas/
  [Mohave County] → /service-areas/mohave-county-az/
  [Colorado City] → /service-areas/mohave-county-az/colorado-city/
  [Resources] → /the-broker-advantage/
  [Videos] → /videos/
  [Home Cash Sale Guide] → /how-to-sell-my-house-fast-in-arizona/
  [Realtors] → /realtorteam/
  [Reverse Mortgage for Purchase] → /reverse-mortgage-home-purchase-arizona/
  [Sell Home for Cash] → /sell-my-house-fast-arizona/
  [Basic Mortgage Payment] → /basic-mortgage-payment-calculator/
  [Mortgage Affordability] → /mortgage-affordability-calculator/
  [Debt-to-Income Ratio] → /debt-to-income-ratio-calculator/
  [Extra Payment Mortgage] → /extra-payment-mortgage-calculator/
  [Home Purchase Closing Cost] → /home-purchase-closing-cost-calculator/
  [Maricopa County] → /service-areas/maricopa-county-az/
  [Pima County] → /service-areas/pima-county-az/
  [Pinal County] → /service-areas/pinal-county-az/
  [Yavapai County] → /service-areas/yavapai-county-az/
  [Coconino County] → /service-areas/coconino-county-az/
  [Navajo County] → /service-areas/navajo-county-az/
  [Apache County] → /service-areas/apache-county-az/
  [Gila County] → /service-areas/gila-county-az/
  [Cochise County] → /service-areas/cochise-county-az/
  [Graham County] → /service-areas/graham-county-az/
  [Greenlee County] → /service-areas/greenlee-county-az/
  [Santa Cruz County] → /service-areas/santa-cruz-county-az/
  [La Paz County] → /service-areas/la-paz-county-az/
  [Yuma County] → /service-areas/yuma-county-az/
  [![Image 2: Mortgage Brothers Logo] → /wp-content/uploads/2025/02/mortgage-brothers-logo-green-new.png/
  [LOAN PROGRAMS ▸] → /mortgage-loan-programs-arizona/
  [CALCULATORS ▸] → /mortgage-calculator-arizona/
  [AREAS WE SERVE ▸] → /service-areas/
  [Resources ▸] → /the-broker-advantage/
  [MORE ▾] → /the-broker-advantage/
  [Image 3: An in-depth comparison of a mortgage broker vs banker outlining key differences in home financing.] → /wp-content/uploads/2025/02/mortgage-broker-vs-banker.jpg/
  [Get Started] → /the-broker-advantage/
  [Contact us today] → /
  [← Previous Post] → /how-to-count-commissions-and-bonuses-and-tips/
  [Next Post →] → /mortgage-101/
  [![Image 4: Expert mortgage solutions to help you find your dream home with competitive rates and personalized guidance] → /wp-content/uploads/2025/01/arizona-mortgage-solutions-banner-scaled.jpg/

51. /arizona-refinance-process/ (1 missing)
  [Image 1: CDN icon] → https://d1rozh26tys225.cloudfront.net/loader.svg

52. /arizona-home-buying-process/ (1 missing)
  [Image 1: CDN icon] → https://d1rozh26tys225.cloudfront.net/loader.svg

53. /arizona-mortgage-approval-process/ (1 missing)
  [Image 1: CDN icon] → https://d1rozh26tys225.cloudfront.net/loader.svg

54. /arizona-mortgage-closing-process/ (1 missing)
  [Image 1: CDN icon] → https://d1rozh26tys225.cloudfront.net/loader.svg

55. /arizona-mortgage-payments/ (62 missing)
  [![Image 1: Mortgage Brothers Logo] → /wp-content/uploads/2025/02/mortgage-brothers-logo-green-new.png/
  [About Us] → /about-us/
  [Loan Programs] → /mortgage-loan-programs-arizona/
  [Conventional Home Loans] → /conventional-home-loans-arizona/
  [FHA Home Loans] → /fha-home-loans-arizona/
  [FHA Streamline Refinance] → /fha-streamline-refinance-arizona/
  [First-time Home Buyer Guide] → /first-time-home-buyer-arizona-guide/
  [Jumbo Loans] → /jumbo-loans-arizona/
  [Private Money Lender] → /private-money-lender-arizona/
  [Mortgage Refinancing] → /refinancing-arizona/
  [Reverse Mortgage] → /reverse-mortgage-arizona/
  [Reverse Mortgage for a Home Purchase] → /reverse-mortgage-home-purchase-arizona/
  [VA Loans] → /va-loans-arizona/
  [Conventional vs FHA Loans] → /conventional-vs-fha-loans-arizona/
  [Calculators] → /mortgage-calculator-arizona/
  [Mortgage Affordability Calculator] → /mortgage-affordability-calculator/
  [Refinance Calculator] → /refinance-calculator/
  [Rent vs. Buy Calculator] → /rent-vs-buy-calculator/
  [Extra Payment Mortgage Calculator] → /extra-payment-mortgage-calculator/
  [FHA Loan Calculator] → /fha-loan-calculator/
  [VA Loan Calculator] → /va-loan-calculator/
  [Down Payment Calculator] → /down-payment-calculator/
  [Debt-to-Income Ratio Calculator] → /debt-to-income-ratio-calculator/
  [Home Purchase Closing Cost Calculator] → /home-purchase-closing-cost-calculator/
  [Areas We Serve] → /service-areas/
  [Mohave County] → /service-areas/mohave-county-az/
  [Colorado City] → /service-areas/mohave-county-az/colorado-city/
  [Resources] → /arizona-mortgage-payments/
  [Mortgage Insights] → /blog/
  [Videos] → /videos/
  [Home Cash Sale Guide] → /how-to-sell-my-house-fast-in-arizona/
  [Realtors] → /realtorteam/
  [Reverse Mortgage for Purchase] → /reverse-mortgage-home-purchase-arizona/
  [Sell Home for Cash] → /sell-my-house-fast-arizona/
  [Mortgage Affordability] → /mortgage-affordability-calculator/
  [Debt-to-Income Ratio] → /debt-to-income-ratio-calculator/
  [Extra Payment Mortgage] → /extra-payment-mortgage-calculator/
  [Home Purchase Closing Cost] → /home-purchase-closing-cost-calculator/
  [Maricopa County] → /service-areas/maricopa-county-az/
  [Pima County] → /service-areas/pima-county-az/
  [Pinal County] → /service-areas/pinal-county-az/
  [Yavapai County] → /service-areas/yavapai-county-az/
  [Coconino County] → /service-areas/coconino-county-az/
  [Navajo County] → /service-areas/navajo-county-az/
  [Apache County] → /service-areas/apache-county-az/
  [Gila County] → /service-areas/gila-county-az/
  [Cochise County] → /service-areas/cochise-county-az/
  [Graham County] → /service-areas/graham-county-az/
  [Greenlee County] → /service-areas/greenlee-county-az/
  [Santa Cruz County] → /service-areas/santa-cruz-county-az/
  [La Paz County] → /service-areas/la-paz-county-az/
  [Yuma County] → /service-areas/yuma-county-az/
  [![Image 2: Mortgage Brothers Logo] → /wp-content/uploads/2025/02/mortgage-brothers-logo-green-new.png/
  [LOAN PROGRAMS ▸] → /mortgage-loan-programs-arizona/
  [CALCULATORS ▸] → /mortgage-calculator-arizona/
  [AREAS WE SERVE ▸] → /service-areas/
  [Resources ▸] → /arizona-mortgage-payments/
  [MORE ▾] → /arizona-mortgage-payments/
  [Image 3: An overview of Arizona mortgage payments and strategies for effective management] → /wp-content/uploads/2025/02/arizona-mortgage-payments.jpg/
  [my payment calculator] → /mortgage-calculator-arizona/
  [Contact Us Now] → /arizona-mortgage-payments/
  [![Image 4: Expert mortgage solutions to help you find your dream home with competitive rates and personalized guidance] → /wp-content/uploads/2025/01/arizona-mortgage-solutions-banner-scaled.jpg/

56. /can-i-simply-payoff-credit-cards-to-qualify-for-a-mortgage/ (60 missing)
  [![Image 1: Mortgage Brothers Logo] → /wp-content/uploads/2025/02/mortgage-brothers-logo-green-new.png/
  [About Us] → /about-us/
  [Loan Programs] → /mortgage-loan-programs-arizona/
  [FHA Streamline Refinance] → /fha-streamline-refinance-arizona/
  [First-time Home Buyer Guide] → /first-time-home-buyer-arizona-guide/
  [Jumbo Loans] → /jumbo-loans-arizona/
  [Private Money Lender] → /private-money-lender-arizona/
  [Mortgage Refinancing] → /refinancing-arizona/
  [Reverse Mortgage] → /reverse-mortgage-arizona/
  [Reverse Mortgage for a Home Purchase] → /reverse-mortgage-home-purchase-arizona/
  [Conventional vs FHA Loans] → /conventional-vs-fha-loans-arizona/
  [Calculators] → /mortgage-calculator-arizona/
  [Basic Mortgage Payment Calculator] → /basic-mortgage-payment-calculator/
  [Mortgage Affordability Calculator] → /mortgage-affordability-calculator/
  [Refinance Calculator] → /refinance-calculator/
  [Rent vs. Buy Calculator] → /rent-vs-buy-calculator/
  [Extra Payment Mortgage Calculator] → /extra-payment-mortgage-calculator/
  [FHA Loan Calculator] → /fha-loan-calculator/
  [VA Loan Calculator] → /va-loan-calculator/
  [Down Payment Calculator] → /down-payment-calculator/
  [Debt-to-Income Ratio Calculator] → /debt-to-income-ratio-calculator/
  [Home Purchase Closing Cost Calculator] → /home-purchase-closing-cost-calculator/
  [Areas We Serve] → /service-areas/
  [Mohave County] → /service-areas/mohave-county-az/
  [Colorado City] → /service-areas/mohave-county-az/colorado-city/
  [Resources] → /can-i-simply-payoff-credit-cards-to-qualify-for-a-mortgage/
  [Mortgage Insights] → /blog/
  [Videos] → /videos/
  [Home Cash Sale Guide] → /how-to-sell-my-house-fast-in-arizona/
  [Realtors] → /realtorteam/
  [Reverse Mortgage for Purchase] → /reverse-mortgage-home-purchase-arizona/
  [Sell Home for Cash] → /sell-my-house-fast-arizona/
  [Basic Mortgage Payment] → /basic-mortgage-payment-calculator/
  [Mortgage Affordability] → /mortgage-affordability-calculator/
  [Debt-to-Income Ratio] → /debt-to-income-ratio-calculator/
  [Extra Payment Mortgage] → /extra-payment-mortgage-calculator/
  [Home Purchase Closing Cost] → /home-purchase-closing-cost-calculator/
  [Maricopa County] → /service-areas/maricopa-county-az/
  [Pima County] → /service-areas/pima-county-az/
  [Pinal County] → /service-areas/pinal-county-az/
  [Yavapai County] → /service-areas/yavapai-county-az/
  [Coconino County] → /service-areas/coconino-county-az/
  [Navajo County] → /service-areas/navajo-county-az/
  [Apache County] → /service-areas/apache-county-az/
  [Gila County] → /service-areas/gila-county-az/
  [Cochise County] → /service-areas/cochise-county-az/
  [Graham County] → /service-areas/graham-county-az/
  [Greenlee County] → /service-areas/greenlee-county-az/
  [Santa Cruz County] → /service-areas/santa-cruz-county-az/
  [La Paz County] → /service-areas/la-paz-county-az/
  [Yuma County] → /service-areas/yuma-county-az/
  [![Image 2: Mortgage Brothers Logo] → /wp-content/uploads/2025/02/mortgage-brothers-logo-green-new.png/
  [LOAN PROGRAMS ▸] → /mortgage-loan-programs-arizona/
  [CALCULATORS ▸] → /mortgage-calculator-arizona/
  [AREAS WE SERVE ▸] → /service-areas/
  [Resources ▸] → /can-i-simply-payoff-credit-cards-to-qualify-for-a-mortgage/
  [MORE ▾] → /can-i-simply-payoff-credit-cards-to-qualify-for-a-mortgage/
  [Image 3: How paying off credit cards affects mortgage approval and debt-to-income ratio] → /wp-content/uploads/2025/02/can-i-simply-payoff-credit-cards-to-qualify-for-a-mortgage.jpg/
  [loan guidelines] → https://www.lawinsider.com/dictionary/mortgage-guidelines
  [![Image 4: Expert mortgage solutions to help you find your dream home with competitive rates and personalized guidance] → /wp-content/uploads/2025/01/arizona-mortgage-solutions-banner-scaled.jpg/

57. /air-conditionings-impact-phoenix-valley-real-estate/ (66 missing)
  [![Image 2: Mortgage Brothers Logo] → /wp-content/uploads/2025/02/mortgage-brothers-logo-green-new.png/
  [About Us] → /about-us/
  [Loan Programs] → /mortgage-loan-programs-arizona/
  [Conventional Home Loans] → /conventional-home-loans-arizona/
  [FHA Home Loans] → /fha-home-loans-arizona/
  [FHA Streamline Refinance] → /fha-streamline-refinance-arizona/
  [First-time Home Buyer Guide] → /first-time-home-buyer-arizona-guide/
  [Jumbo Loans] → /jumbo-loans-arizona/
  [Private Money Lender] → /private-money-lender-arizona/
  [Mortgage Refinancing] → /refinancing-arizona/
  [Reverse Mortgage] → /reverse-mortgage-arizona/
  [Reverse Mortgage for a Home Purchase] → /reverse-mortgage-home-purchase-arizona/
  [VA Loans] → /va-loans-arizona/
  [Conventional vs FHA Loans] → /conventional-vs-fha-loans-arizona/
  [Calculators] → /mortgage-calculator-arizona/
  [Basic Mortgage Payment Calculator] → /basic-mortgage-payment-calculator/
  [Mortgage Affordability Calculator] → /mortgage-affordability-calculator/
  [Refinance Calculator] → /refinance-calculator/
  [Rent vs. Buy Calculator] → /rent-vs-buy-calculator/
  [Extra Payment Mortgage Calculator] → /extra-payment-mortgage-calculator/
  [FHA Loan Calculator] → /fha-loan-calculator/
  [VA Loan Calculator] → /va-loan-calculator/
  [Down Payment Calculator] → /down-payment-calculator/
  [Debt-to-Income Ratio Calculator] → /debt-to-income-ratio-calculator/
  [Home Purchase Closing Cost Calculator] → /home-purchase-closing-cost-calculator/
  [Areas We Serve] → /service-areas/
  [Mohave County] → /service-areas/mohave-county-az/
  [Colorado City] → /service-areas/mohave-county-az/colorado-city/
  [Resources] → /air-conditionings-impact-phoenix-valley-real-estate/
  [Mortgage Insights] → /blog/
  [Videos] → /videos/
  [Home Cash Sale Guide] → /how-to-sell-my-house-fast-in-arizona/
  [Realtors] → /realtorteam/
  [Reverse Mortgage for Purchase] → /reverse-mortgage-home-purchase-arizona/
  [Sell Home for Cash] → /sell-my-house-fast-arizona/
  [Basic Mortgage Payment] → /basic-mortgage-payment-calculator/
  [Mortgage Affordability] → /mortgage-affordability-calculator/
  [Debt-to-Income Ratio] → /debt-to-income-ratio-calculator/
  [Extra Payment Mortgage] → /extra-payment-mortgage-calculator/
  [Home Purchase Closing Cost] → /home-purchase-closing-cost-calculator/
  [Maricopa County] → /service-areas/maricopa-county-az/
  [Pima County] → /service-areas/pima-county-az/
  [Pinal County] → /service-areas/pinal-county-az/
  [Yavapai County] → /service-areas/yavapai-county-az/
  [Coconino County] → /service-areas/coconino-county-az/
  [Navajo County] → /service-areas/navajo-county-az/
  [Apache County] → /service-areas/apache-county-az/
  [Gila County] → /service-areas/gila-county-az/
  [Cochise County] → /service-areas/cochise-county-az/
  [Graham County] → /service-areas/graham-county-az/
  [Greenlee County] → /service-areas/greenlee-county-az/
  [Santa Cruz County] → /service-areas/santa-cruz-county-az/
  [La Paz County] → /service-areas/la-paz-county-az/
  [Yuma County] → /service-areas/yuma-county-az/
  [![Image 3: Mortgage Brothers Logo] → /wp-content/uploads/2025/02/mortgage-brothers-logo-green-new.png/
  [LOAN PROGRAMS ▸] → /mortgage-loan-programs-arizona/
  [CALCULATORS ▸] → /mortgage-calculator-arizona/
  [AREAS WE SERVE ▸] → /service-areas/
  [Resources ▸] → /air-conditionings-impact-phoenix-valley-real-estate/
  [MORE ▾] → /air-conditionings-impact-phoenix-valley-real-estate/
  [Image 4: How air conditioning impacts Phoenix real estate prices and home sales.] → /wp-content/uploads/2025/02/air-conditionings-impact-on-phoenix-valley-real-estate.jpg/
  [Image 5: Energy consumption by end use in Arizona, compared to the U.S. average, focusing on air conditioning, space heating, and cooling equipment.] → /wp-content/plugins/a3-lazy-load/assets/images/lazy_placeholder.gif/
  [Get a Free Home Value Assessment] → /air-conditionings-impact-phoenix-valley-real-estate/
  [Willis Carrier] → https://en.wikipedia.org/wiki/Willis_Carrier
  [Next Post →] → /canceling-your-fha-mip-is-easier-than-you-think/
  [![Image 7: Expert mortgage solutions to help you find your dream home with competitive rates and personalized guidance] → /wp-content/uploads/2025/01/arizona-mortgage-solutions-banner-scaled.jpg/

58. /canceling-your-fha-mip-is-easier-than-you-think/ (3 missing)
  [MIP] → https://www.investopedia.com/mortgage/insurance/qualified-insurance-premium/
  [FHA] → https://www.hud.gov/federal_housing_administration
  [mortgage payment is considered late] → /when-is-a-mortgage-payment-actually-considered-late/

59. /arizona-mortgage-basics/ (1 missing)
  [Image 1: CDN icon] → https://d1rozh26tys225.cloudfront.net/loader.svg

60. /arizona-mortgage-closing-costs/ (63 missing)
  [![Image 1: Mortgage Brothers Logo] → /wp-content/uploads/2025/02/mortgage-brothers-logo-green-new.png/
  [About Us] → /about-us/
  [Loan Programs] → /mortgage-loan-programs-arizona/
  [Conventional Home Loans] → /conventional-home-loans-arizona/
  [FHA Home Loans] → /fha-home-loans-arizona/
  [FHA Streamline Refinance] → /fha-streamline-refinance-arizona/
  [First-time Home Buyer Guide] → /first-time-home-buyer-arizona-guide/
  [Jumbo Loans] → /jumbo-loans-arizona/
  [Private Money Lender] → /private-money-lender-arizona/
  [Mortgage Refinancing] → /refinancing-arizona/
  [Reverse Mortgage] → /reverse-mortgage-arizona/
  [Reverse Mortgage for a Home Purchase] → /reverse-mortgage-home-purchase-arizona/
  [VA Loans] → /va-loans-arizona/
  [Conventional vs FHA Loans] → /conventional-vs-fha-loans-arizona/
  [Calculators] → /mortgage-calculator-arizona/
  [Basic Mortgage Payment Calculator] → /basic-mortgage-payment-calculator/
  [Mortgage Affordability Calculator] → /mortgage-affordability-calculator/
  [Refinance Calculator] → /refinance-calculator/
  [Rent vs. Buy Calculator] → /rent-vs-buy-calculator/
  [Extra Payment Mortgage Calculator] → /extra-payment-mortgage-calculator/
  [FHA Loan Calculator] → /fha-loan-calculator/
  [VA Loan Calculator] → /va-loan-calculator/
  [Down Payment Calculator] → /down-payment-calculator/
  [Debt-to-Income Ratio Calculator] → /debt-to-income-ratio-calculator/
  [Home Purchase Closing Cost Calculator] → /home-purchase-closing-cost-calculator/
  [Areas We Serve] → /service-areas/
  [Mohave County] → /service-areas/mohave-county-az/
  [Colorado City] → /service-areas/mohave-county-az/colorado-city/
  [Resources] → /arizona-mortgage-closing-costs/
  [Mortgage Insights] → /blog/
  [Videos] → /videos/
  [Home Cash Sale Guide] → /how-to-sell-my-house-fast-in-arizona/
  [Realtors] → /realtorteam/
  [Reverse Mortgage for Purchase] → /reverse-mortgage-home-purchase-arizona/
  [Sell Home for Cash] → /sell-my-house-fast-arizona/
  [Basic Mortgage Payment] → /basic-mortgage-payment-calculator/
  [Mortgage Affordability] → /mortgage-affordability-calculator/
  [Debt-to-Income Ratio] → /debt-to-income-ratio-calculator/
  [Extra Payment Mortgage] → /extra-payment-mortgage-calculator/
  [Home Purchase Closing Cost] → /home-purchase-closing-cost-calculator/
  [Maricopa County] → /service-areas/maricopa-county-az/
  [Pima County] → /service-areas/pima-county-az/
  [Pinal County] → /service-areas/pinal-county-az/
  [Yavapai County] → /service-areas/yavapai-county-az/
  [Coconino County] → /service-areas/coconino-county-az/
  [Navajo County] → /service-areas/navajo-county-az/
  [Apache County] → /service-areas/apache-county-az/
  [Gila County] → /service-areas/gila-county-az/
  [Cochise County] → /service-areas/cochise-county-az/
  [Graham County] → /service-areas/graham-county-az/
  [Greenlee County] → /service-areas/greenlee-county-az/
  [Santa Cruz County] → /service-areas/santa-cruz-county-az/
  [La Paz County] → /service-areas/la-paz-county-az/
  [Yuma County] → /service-areas/yuma-county-az/
  [![Image 2: Mortgage Brothers Logo] → /wp-content/uploads/2025/02/mortgage-brothers-logo-green-new.png/
  [LOAN PROGRAMS ▸] → /mortgage-loan-programs-arizona/
  [CALCULATORS ▸] → /mortgage-calculator-arizona/
  [AREAS WE SERVE ▸] → /service-areas/
  [Resources ▸] → /arizona-mortgage-closing-costs/
  [MORE ▾] → /arizona-mortgage-closing-costs/
  [Image 3: Understanding Arizona mortgage closing costs and fee breakdown for homebuyers] → /wp-content/uploads/2025/02/arizona-mortgage-closing-costs.jpg/
  [Get in Touch] → /arizona-mortgage-closing-costs/
  [![Image 4: Expert mortgage solutions to help you find your dream home with competitive rates and personalized guidance] → /wp-content/uploads/2025/01/arizona-mortgage-solutions-banner-scaled.jpg/

61. /navigating-mortgage-options-during-divorce-a-complete-guide/ (98 missing)
  [![Image 1: Mortgage Brothers Logo] → /wp-content/uploads/2025/02/mortgage-brothers-logo-green-new.png/
  [About Us] → /about-us/
  [Loan Programs] → /mortgage-loan-programs-arizona/
  [Conventional Home Loans] → /conventional-home-loans-arizona/
  [FHA Home Loans] → /fha-home-loans-arizona/
  [FHA Streamline Refinance] → /fha-streamline-refinance-arizona/
  [First-time Home Buyer Guide] → /first-time-home-buyer-arizona-guide/
  [Jumbo Loans] → /jumbo-loans-arizona/
  [Private Money Lender] → /private-money-lender-arizona/
  [Mortgage Refinancing] → /refinancing-arizona/
  [Reverse Mortgage] → /reverse-mortgage-arizona/
  [Reverse Mortgage for a Home Purchase] → /reverse-mortgage-home-purchase-arizona/
  [VA Loans] → /va-loans-arizona/
  [Conventional vs FHA Loans] → /conventional-vs-fha-loans-arizona/
  [Calculators] → /mortgage-calculator-arizona/
  [Basic Mortgage Payment Calculator] → /basic-mortgage-payment-calculator/
  [Mortgage Affordability Calculator] → /mortgage-affordability-calculator/
  [Refinance Calculator] → /refinance-calculator/
  [Rent vs. Buy Calculator] → /rent-vs-buy-calculator/
  [Extra Payment Mortgage Calculator] → /extra-payment-mortgage-calculator/
  [FHA Loan Calculator] → /fha-loan-calculator/
  [VA Loan Calculator] → /va-loan-calculator/
  [Down Payment Calculator] → /down-payment-calculator/
  [Debt-to-Income Ratio Calculator] → /debt-to-income-ratio-calculator/
  [Home Purchase Closing Cost Calculator] → /home-purchase-closing-cost-calculator/
  [Areas We Serve] → /service-areas/
  [Mohave County] → /service-areas/mohave-county-az/
  [Colorado City] → /service-areas/mohave-county-az/colorado-city/
  [Resources] → /navigating-mortgage-options-during-divorce-a-complete-guide/
  [Mortgage Insights] → /blog/
  [Videos] → /videos/
  [Home Cash Sale Guide] → /how-to-sell-my-house-fast-in-arizona/
  [Contact Us] → /contact-us/
  [Realtors] → /realtorteam/
  [Reverse Mortgage for Purchase] → /reverse-mortgage-home-purchase-arizona/
  [Sell Home for Cash] → /sell-my-house-fast-arizona/
  [Basic Mortgage Payment] → /basic-mortgage-payment-calculator/
  [Mortgage Affordability] → /mortgage-affordability-calculator/
  [Debt-to-Income Ratio] → /debt-to-income-ratio-calculator/
  [Extra Payment Mortgage] → /extra-payment-mortgage-calculator/
  [Home Purchase Closing Cost] → /home-purchase-closing-cost-calculator/
  [Maricopa County] → /service-areas/maricopa-county-az/
  [Pima County] → /service-areas/pima-county-az/
  [Pinal County] → /service-areas/pinal-county-az/
  [Yavapai County] → /service-areas/yavapai-county-az/
  [Coconino County] → /service-areas/coconino-county-az/
  [Navajo County] → /service-areas/navajo-county-az/
  [Apache County] → /service-areas/apache-county-az/
  [Gila County] → /service-areas/gila-county-az/
  [Cochise County] → /service-areas/cochise-county-az/
  [Graham County] → /service-areas/graham-county-az/
  [Greenlee County] → /service-areas/greenlee-county-az/
  [Santa Cruz County] → /service-areas/santa-cruz-county-az/
  [La Paz County] → /service-areas/la-paz-county-az/
  [Yuma County] → /service-areas/yuma-county-az/
  [![Image 2: Mortgage Brothers Logo] → /wp-content/uploads/2025/02/mortgage-brothers-logo-green-new.png/
  [LOAN PROGRAMS ▸] → /mortgage-loan-programs-arizona/
  [CALCULATORS ▸] → /mortgage-calculator-arizona/
  [AREAS WE SERVE ▸] → /service-areas/
  [Resources ▸] → /navigating-mortgage-options-during-divorce-a-complete-guide/
  [MORE ▾] → /navigating-mortgage-options-during-divorce-a-complete-guide/
  [Get Expert Guidance Now] → /navigating-mortgage-options-during-divorce-a-complete-guide/
  [refinancing] → /refinancing-arizona/
  [Schedule a Divorce Mortgage Consultation] → /navigating-mortgage-options-during-divorce-a-complete-guide/
  [conventional loans] → /conventional-home-loans-arizona/
  [← Previous Post] → /what-is-a-jumbo-loan-everything-you-need-to-know-before-applying/
  [Next Post →] → /va-loans-for-first-time-homebuyers-in-arizona-your-path-to-affordable-homeownership/
  [Mortgage Broker VS Banker] → /the-broker-advantage/
  [Client Reviews] → /client-mortgage-reviews/
  [News and Updates] → /blog/
  [Job Opportunities] → /job-opportunities/
  [Loan Applications] → /loan-applications/
  [Mortgage Rates] → /mortgage-rates-tool-arizona/
  [Mortgage Calculator] → /mortgage-calculator-arizona/
  [Mortgage 101] → /mortgage-101/
  [Credit Score Quiz] → /credit-score-quiz/
  [Glossary] → /glossary/
  [Arizona Loan Services] → /mortgage-loan-programs-arizona/
  [First Time Home Buyer] → /first-time-home-buyer-arizona-guide/
  [Mortgage for Excellent Credit] → /mortgage-for-excellent-credit/
  [Home Loans for Good Credit] → /mortgage-for-good-credit/
  [Mortgage Options for Poor Credit] → /mortgage-for-poor-credit/
  [Service Areas] → /service-areas/
  [1599 East Orangewood Ave Suite 200 Phoenix, AZ 85020] → https://goo.gl/maps/GVLYa
  [Follow] → https://www.facebook.com/azmortgagebrothers/%20%22Follow%20on%20Facebook%22
  [Follow] → https://x.com/azmortgagebros%20%22Follow%20on%20X%22
  [Follow] → https://www.linkedin.com/company/azmortgagebrothers/%20%22Follow%20on%20LinkedIn%22
  [Follow] → https://www.youtube.com/@TheMortgageBrothersTeam/%20%22Follow%20on%20Youtube%22
  [official NMLS Consumer Access website] → https://www.nmlsconsumeraccess.org/Home.aspx/SubSearch?searchText=1007154
  [Mortgage Broker License] → https://www.nmlsconsumeraccess.org/Home.aspx/SubSearch?searchText=1007154
  [Loan Originator License] → https://azdifi.portalus.thentiacloud.net/webs/portal/register/
  [contact our loan officers] → /contact-us/
  [Privacy Policy] → /privacy-policy/
  [Terms of Use] → /terms-of-use/
  [Image 3: Equal Housing Opportunity certification ensuring fair mortgage practices] → /wp-content/uploads/2024/12/equal-housing-opportunity-certification.png/
  [Image 4: Equal Housing Opportunity certification ensuring fair mortgage practices] → /wp-content/uploads/2024/12/shop-local-mortgage-support.png/
  [Image 5: Equal Housing Opportunity certification ensuring fair mortgage practices] → /wp-content/uploads/2024/12/angies-list-super-service-award.png/
  [Image 6: Equal Housing Opportunity certification ensuring fair mortgage practices] → /wp-content/uploads/2024/12/fha-approved-mortgage-lender.png/

63. /who-qualifies-for-a-reverse-mortgage-understanding-eligibility-requirements/ (1 missing)
  [Image 1: CDN icon] → https://d1rozh26tys225.cloudfront.net/loader.svg

64. /connecting-guest-house-main-house-add-value/ (64 missing)
  [![Image 1: Mortgage Brothers Logo] → /wp-content/uploads/2025/02/mortgage-brothers-logo-green-new.png/
  [About Us] → /about-us/
  [Loan Programs] → /mortgage-loan-programs-arizona/
  [Conventional Home Loans] → /conventional-home-loans-arizona/
  [FHA Home Loans] → /fha-home-loans-arizona/
  [FHA Streamline Refinance] → /fha-streamline-refinance-arizona/
  [First-time Home Buyer Guide] → /first-time-home-buyer-arizona-guide/
  [Jumbo Loans] → /jumbo-loans-arizona/
  [Private Money Lender] → /private-money-lender-arizona/
  [Mortgage Refinancing] → /refinancing-arizona/
  [Reverse Mortgage] → /reverse-mortgage-arizona/
  [Reverse Mortgage for a Home Purchase] → /reverse-mortgage-home-purchase-arizona/
  [VA Loans] → /va-loans-arizona/
  [Conventional vs FHA Loans] → /conventional-vs-fha-loans-arizona/
  [Calculators] → /mortgage-calculator-arizona/
  [Basic Mortgage Payment Calculator] → /basic-mortgage-payment-calculator/
  [Mortgage Affordability Calculator] → /mortgage-affordability-calculator/
  [Refinance Calculator] → /refinance-calculator/
  [Rent vs. Buy Calculator] → /rent-vs-buy-calculator/
  [Extra Payment Mortgage Calculator] → /extra-payment-mortgage-calculator/
  [FHA Loan Calculator] → /fha-loan-calculator/
  [VA Loan Calculator] → /va-loan-calculator/
  [Down Payment Calculator] → /down-payment-calculator/
  [Debt-to-Income Ratio Calculator] → /debt-to-income-ratio-calculator/
  [Home Purchase Closing Cost Calculator] → /home-purchase-closing-cost-calculator/
  [Areas We Serve] → /service-areas/
  [Mohave County] → /service-areas/mohave-county-az/
  [Colorado City] → /service-areas/mohave-county-az/colorado-city/
  [Resources] → /connecting-guest-house-main-house-add-value/
  [Mortgage Insights] → /blog/
  [Videos] → /videos/
  [Home Cash Sale Guide] → /how-to-sell-my-house-fast-in-arizona/
  [Realtors] → /realtorteam/
  [Reverse Mortgage for Purchase] → /reverse-mortgage-home-purchase-arizona/
  [Sell Home for Cash] → /sell-my-house-fast-arizona/
  [Basic Mortgage Payment] → /basic-mortgage-payment-calculator/
  [Mortgage Affordability] → /mortgage-affordability-calculator/
  [Debt-to-Income Ratio] → /debt-to-income-ratio-calculator/
  [Extra Payment Mortgage] → /extra-payment-mortgage-calculator/
  [Home Purchase Closing Cost] → /home-purchase-closing-cost-calculator/
  [Maricopa County] → /service-areas/maricopa-county-az/
  [Pima County] → /service-areas/pima-county-az/
  [Pinal County] → /service-areas/pinal-county-az/
  [Yavapai County] → /service-areas/yavapai-county-az/
  [Coconino County] → /service-areas/coconino-county-az/
  [Navajo County] → /service-areas/navajo-county-az/
  [Apache County] → /service-areas/apache-county-az/
  [Gila County] → /service-areas/gila-county-az/
  [Cochise County] → /service-areas/cochise-county-az/
  [Graham County] → /service-areas/graham-county-az/
  [Greenlee County] → /service-areas/greenlee-county-az/
  [Santa Cruz County] → /service-areas/santa-cruz-county-az/
  [La Paz County] → /service-areas/la-paz-county-az/
  [Yuma County] → /service-areas/yuma-county-az/
  [![Image 2: Mortgage Brothers Logo] → /wp-content/uploads/2025/02/mortgage-brothers-logo-green-new.png/
  [LOAN PROGRAMS ▸] → /mortgage-loan-programs-arizona/
  [CALCULATORS ▸] → /mortgage-calculator-arizona/
  [AREAS WE SERVE ▸] → /service-areas/
  [Resources ▸] → /connecting-guest-house-main-house-add-value/
  [MORE ▾] → /connecting-guest-house-main-house-add-value/
  [Image 3: How connecting a guest house to the main house affects property value.] → /wp-content/uploads/2025/02/does-connecting-a-guest-house-to-the-main-house-add-value.jpg/
  [Get a Free Home Value Assessment] → /connecting-guest-house-main-house-add-value/
  [livable space] → https://www.lawinsider.com/dictionary/living-space
  [![Image 4: Expert mortgage solutions to help you find your dream home with competitive rates and personalized guidance] → /wp-content/uploads/2025/01/arizona-mortgage-solutions-banner-scaled.jpg/

65. /how-a-rapid-rescore-can-help-to-get-qualified-for-a-mortgage/ (1 missing)
  [Fair Credit Reporting Act] → https://www.ftc.gov/legal-library/browse/statutes/fair-credit-reporting-act

66. /why-use-an-arizona-mortgage-broker/ (63 missing)
  [![Image 1: Mortgage Brothers Logo] → /wp-content/uploads/2025/02/mortgage-brothers-logo-green-new.png/
  [About Us] → /about-us/
  [Loan Programs] → /mortgage-loan-programs-arizona/
  [Conventional Home Loans] → /conventional-home-loans-arizona/
  [FHA Home Loans] → /fha-home-loans-arizona/
  [FHA Streamline Refinance] → /fha-streamline-refinance-arizona/
  [First-time Home Buyer Guide] → /first-time-home-buyer-arizona-guide/
  [Jumbo Loans] → /jumbo-loans-arizona/
  [Private Money Lender] → /private-money-lender-arizona/
  [Mortgage Refinancing] → /refinancing-arizona/
  [Reverse Mortgage] → /reverse-mortgage-arizona/
  [Reverse Mortgage for a Home Purchase] → /reverse-mortgage-home-purchase-arizona/
  [VA Loans] → /va-loans-arizona/
  [Conventional vs FHA Loans] → /conventional-vs-fha-loans-arizona/
  [Calculators] → /mortgage-calculator-arizona/
  [Basic Mortgage Payment Calculator] → /basic-mortgage-payment-calculator/
  [Mortgage Affordability Calculator] → /mortgage-affordability-calculator/
  [Refinance Calculator] → /refinance-calculator/
  [Rent vs. Buy Calculator] → /rent-vs-buy-calculator/
  [Extra Payment Mortgage Calculator] → /extra-payment-mortgage-calculator/
  [FHA Loan Calculator] → /fha-loan-calculator/
  [VA Loan Calculator] → /va-loan-calculator/
  [Down Payment Calculator] → /down-payment-calculator/
  [Debt-to-Income Ratio Calculator] → /debt-to-income-ratio-calculator/
  [Home Purchase Closing Cost Calculator] → /home-purchase-closing-cost-calculator/
  [Areas We Serve] → /service-areas/
  [Mohave County] → /service-areas/mohave-county-az/
  [Colorado City] → /service-areas/mohave-county-az/colorado-city/
  [Resources] → /why-use-an-arizona-mortgage-broker/
  [Mortgage Insights] → /blog/
  [Videos] → /videos/
  [Home Cash Sale Guide] → /how-to-sell-my-house-fast-in-arizona/
  [Realtors] → /realtorteam/
  [Reverse Mortgage for Purchase] → /reverse-mortgage-home-purchase-arizona/
  [Sell Home for Cash] → /sell-my-house-fast-arizona/
  [Basic Mortgage Payment] → /basic-mortgage-payment-calculator/
  [Mortgage Affordability] → /mortgage-affordability-calculator/
  [Debt-to-Income Ratio] → /debt-to-income-ratio-calculator/
  [Extra Payment Mortgage] → /extra-payment-mortgage-calculator/
  [Home Purchase Closing Cost] → /home-purchase-closing-cost-calculator/
  [Maricopa County] → /service-areas/maricopa-county-az/
  [Pima County] → /service-areas/pima-county-az/
  [Pinal County] → /service-areas/pinal-county-az/
  [Yavapai County] → /service-areas/yavapai-county-az/
  [Coconino County] → /service-areas/coconino-county-az/
  [Navajo County] → /service-areas/navajo-county-az/
  [Apache County] → /service-areas/apache-county-az/
  [Gila County] → /service-areas/gila-county-az/
  [Cochise County] → /service-areas/cochise-county-az/
  [Graham County] → /service-areas/graham-county-az/
  [Greenlee County] → /service-areas/greenlee-county-az/
  [Santa Cruz County] → /service-areas/santa-cruz-county-az/
  [La Paz County] → /service-areas/la-paz-county-az/
  [Yuma County] → /service-areas/yuma-county-az/
  [![Image 2: Mortgage Brothers Logo] → /wp-content/uploads/2025/02/mortgage-brothers-logo-green-new.png/
  [LOAN PROGRAMS ▸] → /mortgage-loan-programs-arizona/
  [CALCULATORS ▸] → /mortgage-calculator-arizona/
  [AREAS WE SERVE ▸] → /service-areas/
  [Resources ▸] → /why-use-an-arizona-mortgage-broker/
  [MORE ▾] → /why-use-an-arizona-mortgage-broker/
  [Image 3: Insights on the benefits of working with an Arizona mortgage broker for efficient home financing] → /wp-content/uploads/2025/02/why-use-an-arizona-mortgage-broker.jpg/
  [Get Personalized Help Now] → /why-use-an-arizona-mortgage-broker/
  [![Image 4: Expert mortgage solutions to help you find your dream home with competitive rates and personalized guidance] → /wp-content/uploads/2025/01/arizona-mortgage-solutions-banner-scaled.jpg/

67. /arizona-understanding-your-credit/ (63 missing)
  [![Image 1: Mortgage Brothers Logo] → /wp-content/uploads/2025/02/mortgage-brothers-logo-green-new.png/
  [About Us] → /about-us/
  [Loan Programs] → /mortgage-loan-programs-arizona/
  [Conventional Home Loans] → /conventional-home-loans-arizona/
  [FHA Home Loans] → /fha-home-loans-arizona/
  [FHA Streamline Refinance] → /fha-streamline-refinance-arizona/
  [First-time Home Buyer Guide] → /first-time-home-buyer-arizona-guide/
  [Jumbo Loans] → /jumbo-loans-arizona/
  [Private Money Lender] → /private-money-lender-arizona/
  [Mortgage Refinancing] → /refinancing-arizona/
  [Reverse Mortgage] → /reverse-mortgage-arizona/
  [Reverse Mortgage for a Home Purchase] → /reverse-mortgage-home-purchase-arizona/
  [VA Loans] → /va-loans-arizona/
  [Conventional vs FHA Loans] → /conventional-vs-fha-loans-arizona/
  [Calculators] → /mortgage-calculator-arizona/
  [Basic Mortgage Payment Calculator] → /basic-mortgage-payment-calculator/
  [Mortgage Affordability Calculator] → /mortgage-affordability-calculator/
  [Refinance Calculator] → /refinance-calculator/
  [Rent vs. Buy Calculator] → /rent-vs-buy-calculator/
  [Extra Payment Mortgage Calculator] → /extra-payment-mortgage-calculator/
  [FHA Loan Calculator] → /fha-loan-calculator/
  [VA Loan Calculator] → /va-loan-calculator/
  [Down Payment Calculator] → /down-payment-calculator/
  [Debt-to-Income Ratio Calculator] → /debt-to-income-ratio-calculator/
  [Home Purchase Closing Cost Calculator] → /home-purchase-closing-cost-calculator/
  [Areas We Serve] → /service-areas/
  [Mohave County] → /service-areas/mohave-county-az/
  [Colorado City] → /service-areas/mohave-county-az/colorado-city/
  [Resources] → /arizona-understanding-your-credit/
  [Mortgage Insights] → /blog/
  [Videos] → /videos/
  [Home Cash Sale Guide] → /how-to-sell-my-house-fast-in-arizona/
  [Realtors] → /realtorteam/
  [Reverse Mortgage for Purchase] → /reverse-mortgage-home-purchase-arizona/
  [Sell Home for Cash] → /sell-my-house-fast-arizona/
  [Basic Mortgage Payment] → /basic-mortgage-payment-calculator/
  [Mortgage Affordability] → /mortgage-affordability-calculator/
  [Debt-to-Income Ratio] → /debt-to-income-ratio-calculator/
  [Extra Payment Mortgage] → /extra-payment-mortgage-calculator/
  [Home Purchase Closing Cost] → /home-purchase-closing-cost-calculator/
  [Maricopa County] → /service-areas/maricopa-county-az/
  [Pima County] → /service-areas/pima-county-az/
  [Pinal County] → /service-areas/pinal-county-az/
  [Yavapai County] → /service-areas/yavapai-county-az/
  [Coconino County] → /service-areas/coconino-county-az/
  [Navajo County] → /service-areas/navajo-county-az/
  [Apache County] → /service-areas/apache-county-az/
  [Gila County] → /service-areas/gila-county-az/
  [Cochise County] → /service-areas/cochise-county-az/
  [Graham County] → /service-areas/graham-county-az/
  [Greenlee County] → /service-areas/greenlee-county-az/
  [Santa Cruz County] → /service-areas/santa-cruz-county-az/
  [La Paz County] → /service-areas/la-paz-county-az/
  [Yuma County] → /service-areas/yuma-county-az/
  [![Image 2: Mortgage Brothers Logo] → /wp-content/uploads/2025/02/mortgage-brothers-logo-green-new.png/
  [LOAN PROGRAMS ▸] → /mortgage-loan-programs-arizona/
  [CALCULATORS ▸] → /mortgage-calculator-arizona/
  [AREAS WE SERVE ▸] → /service-areas/
  [Resources ▸] → /arizona-understanding-your-credit/
  [MORE ▾] → /arizona-understanding-your-credit/
  [Image 3: A guide offering clear insights into understanding your credit and its impact on financial decisions.] → /wp-content/uploads/2025/02/understanding-your-credit.jpg/
  [Contact Us Now] → /arizona-understanding-your-credit/
  [![Image 4: Expert mortgage solutions to help you find your dream home with competitive rates and personalized guidance] → /wp-content/uploads/2025/01/arizona-mortgage-solutions-banner-scaled.jpg/

68. /seller-concessions-to-buyers-how-much/ (1 missing)
  [Image 1: CDN icon] → https://d1rozh26tys225.cloudfront.net/loader.svg

69. /ultimate-guide-first-mortgage/ (15 missing)
  [The Basics: What Do Lenders Look For?] → /ultimate-guide-first-mortgage/
  [How Do Lenders Look at Credit?] → /ultimate-guide-first-mortgage/
  [Down Payments: How Much Do I Need to Save?] → /ultimate-guide-first-mortgage/
  [How do Lenders Look at Income?] → /ultimate-guide-first-mortgage/
  [Finding a Lender] → /ultimate-guide-first-mortgage/
  [What Types of Loans Are There?] → /ultimate-guide-first-mortgage/
  [Conventional Loans and The Mortgage Market] → /ultimate-guide-first-mortgage/
  [Getting Pre-Approved] → /ultimate-guide-first-mortgage/
  [Next Step: Finding a Home] → /ultimate-guide-first-mortgage/
  [Making the Offer and Making a Loan Application] → /ultimate-guide-first-mortgage/
  [What does it mean to lock my rate?] → /ultimate-guide-first-mortgage/
  [The Lending Process] → /ultimate-guide-first-mortgage/
  [Final Approval and the Closing Table] → /ultimate-guide-first-mortgage/
  [Celebrate – You’re a Homeowner!] → /ultimate-guide-first-mortgage/
  [Fannie Mae] → https://www.fanniemae.com/

70. /expect-youre-not-first-time-mortgage-shopper/ (8 missing)
  [What About Online Lenders?] → /expect-youre-not-first-time-mortgage-shopper/
  [Choosing a Lender] → /expect-youre-not-first-time-mortgage-shopper/
  [Finding a Home] → /expect-youre-not-first-time-mortgage-shopper/
  [Applying for the Loan] → /expect-youre-not-first-time-mortgage-shopper/
  [Locking Rates] → /expect-youre-not-first-time-mortgage-shopper/
  [The Lending Process] → /expect-youre-not-first-time-mortgage-shopper/
  [Final Approval and the Closing Table] → /expect-youre-not-first-time-mortgage-shopper/
  [Kick Back and Relax – You’re Home!] → /expect-youre-not-first-time-mortgage-shopper/

71. /fha-flip-rule-waiver-expired-you-need-wait-90-days-to-write-a-contract/ (63 missing)
  [![Image 1: Mortgage Brothers Logo] → /wp-content/uploads/2025/02/mortgage-brothers-logo-green-new.png/
  [About Us] → /about-us/
  [Loan Programs] → /mortgage-loan-programs-arizona/
  [Conventional Home Loans] → /conventional-home-loans-arizona/
  [FHA Home Loans] → /fha-home-loans-arizona/
  [FHA Streamline Refinance] → /fha-streamline-refinance-arizona/
  [First-time Home Buyer Guide] → /first-time-home-buyer-arizona-guide/
  [Jumbo Loans] → /jumbo-loans-arizona/
  [Private Money Lender] → /private-money-lender-arizona/
  [Mortgage Refinancing] → /refinancing-arizona/
  [Reverse Mortgage] → /reverse-mortgage-arizona/
  [Reverse Mortgage for a Home Purchase] → /reverse-mortgage-home-purchase-arizona/
  [VA Loans] → /va-loans-arizona/
  [Conventional vs FHA Loans] → /conventional-vs-fha-loans-arizona/
  [Calculators] → /mortgage-calculator-arizona/
  [Basic Mortgage Payment Calculator] → /basic-mortgage-payment-calculator/
  [Mortgage Affordability Calculator] → /mortgage-affordability-calculator/
  [Refinance Calculator] → /refinance-calculator/
  [Rent vs. Buy Calculator] → /rent-vs-buy-calculator/
  [Extra Payment Mortgage Calculator] → /extra-payment-mortgage-calculator/
  [FHA Loan Calculator] → /fha-loan-calculator/
  [VA Loan Calculator] → /va-loan-calculator/
  [Down Payment Calculator] → /down-payment-calculator/
  [Debt-to-Income Ratio Calculator] → /debt-to-income-ratio-calculator/
  [Home Purchase Closing Cost Calculator] → /home-purchase-closing-cost-calculator/
  [Areas We Serve] → /service-areas/
  [Mohave County] → /service-areas/mohave-county-az/
  [Colorado City] → /service-areas/mohave-county-az/colorado-city/
  [Resources] → /fha-flip-rule-waiver-expired-you-need-wait-90-days-to-write-a-contract/
  [Mortgage Insights] → /blog/
  [Videos] → /videos/
  [Home Cash Sale Guide] → /how-to-sell-my-house-fast-in-arizona/
  [Realtors] → /realtorteam/
  [Reverse Mortgage for Purchase] → /reverse-mortgage-home-purchase-arizona/
  [Sell Home for Cash] → /sell-my-house-fast-arizona/
  [Basic Mortgage Payment] → /basic-mortgage-payment-calculator/
  [Mortgage Affordability] → /mortgage-affordability-calculator/
  [Debt-to-Income Ratio] → /debt-to-income-ratio-calculator/
  [Extra Payment Mortgage] → /extra-payment-mortgage-calculator/
  [Home Purchase Closing Cost] → /home-purchase-closing-cost-calculator/
  [Maricopa County] → /service-areas/maricopa-county-az/
  [Pima County] → /service-areas/pima-county-az/
  [Pinal County] → /service-areas/pinal-county-az/
  [Yavapai County] → /service-areas/yavapai-county-az/
  [Coconino County] → /service-areas/coconino-county-az/
  [Navajo County] → /service-areas/navajo-county-az/
  [Apache County] → /service-areas/apache-county-az/
  [Gila County] → /service-areas/gila-county-az/
  [Cochise County] → /service-areas/cochise-county-az/
  [Graham County] → /service-areas/graham-county-az/
  [Greenlee County] → /service-areas/greenlee-county-az/
  [Santa Cruz County] → /service-areas/santa-cruz-county-az/
  [La Paz County] → /service-areas/la-paz-county-az/
  [Yuma County] → /service-areas/yuma-county-az/
  [![Image 2: Mortgage Brothers Logo] → /wp-content/uploads/2025/02/mortgage-brothers-logo-green-new.png/
  [LOAN PROGRAMS ▸] → /mortgage-loan-programs-arizona/
  [CALCULATORS ▸] → /mortgage-calculator-arizona/
  [AREAS WE SERVE ▸] → /service-areas/
  [Resources ▸] → /fha-flip-rule-waiver-expired-you-need-wait-90-days-to-write-a-contract/
  [MORE ▾] → /fha-flip-rule-waiver-expired-you-need-wait-90-days-to-write-a-contract/
  [Image 3: The FHA flip rule waiver has expired, requiring a 90-day waiting period before reselling.] → /wp-content/uploads/2025/02/fha-flip-waiver-expired-90-days.jpg/
  [Get Expert FHA Loan Advice] → /fha-flip-rule-waiver-expired-you-need-wait-90-days-to-write-a-contract/
  [![Image 4: Expert mortgage solutions to help you find your dream home with competitive rates and personalized guidance] → /wp-content/uploads/2025/01/arizona-mortgage-solutions-banner-scaled.jpg/

72. /is-homeownership-hereditary/ (66 missing)
  [![Image 2: Mortgage Brothers Logo] → /wp-content/uploads/2025/02/mortgage-brothers-logo-green-new.png/
  [About Us] → /about-us/
  [Loan Programs] → /mortgage-loan-programs-arizona/
  [Conventional Home Loans] → /conventional-home-loans-arizona/
  [FHA Home Loans] → /fha-home-loans-arizona/
  [FHA Streamline Refinance] → /fha-streamline-refinance-arizona/
  [Jumbo Loans] → /jumbo-loans-arizona/
  [Private Money Lender] → /private-money-lender-arizona/
  [Mortgage Refinancing] → /refinancing-arizona/
  [Reverse Mortgage] → /reverse-mortgage-arizona/
  [Reverse Mortgage for a Home Purchase] → /reverse-mortgage-home-purchase-arizona/
  [VA Loans] → /va-loans-arizona/
  [Conventional vs FHA Loans] → /conventional-vs-fha-loans-arizona/
  [Calculators] → /mortgage-calculator-arizona/
  [Basic Mortgage Payment Calculator] → /basic-mortgage-payment-calculator/
  [Mortgage Affordability Calculator] → /mortgage-affordability-calculator/
  [Refinance Calculator] → /refinance-calculator/
  [Rent vs. Buy Calculator] → /rent-vs-buy-calculator/
  [Extra Payment Mortgage Calculator] → /extra-payment-mortgage-calculator/
  [FHA Loan Calculator] → /fha-loan-calculator/
  [VA Loan Calculator] → /va-loan-calculator/
  [Down Payment Calculator] → /down-payment-calculator/
  [Debt-to-Income Ratio Calculator] → /debt-to-income-ratio-calculator/
  [Home Purchase Closing Cost Calculator] → /home-purchase-closing-cost-calculator/
  [Areas We Serve] → /service-areas/
  [Mohave County] → /service-areas/mohave-county-az/
  [Colorado City] → /service-areas/mohave-county-az/colorado-city/
  [Resources] → /is-homeownership-hereditary/
  [Mortgage Insights] → /blog/
  [Videos] → /videos/
  [Home Cash Sale Guide] → /how-to-sell-my-house-fast-in-arizona/
  [Realtors] → /realtorteam/
  [Reverse Mortgage for Purchase] → /reverse-mortgage-home-purchase-arizona/
  [Sell Home for Cash] → /sell-my-house-fast-arizona/
  [Basic Mortgage Payment] → /basic-mortgage-payment-calculator/
  [Mortgage Affordability] → /mortgage-affordability-calculator/
  [Debt-to-Income Ratio] → /debt-to-income-ratio-calculator/
  [Extra Payment Mortgage] → /extra-payment-mortgage-calculator/
  [Home Purchase Closing Cost] → /home-purchase-closing-cost-calculator/
  [Maricopa County] → /service-areas/maricopa-county-az/
  [Pima County] → /service-areas/pima-county-az/
  [Pinal County] → /service-areas/pinal-county-az/
  [Yavapai County] → /service-areas/yavapai-county-az/
  [Coconino County] → /service-areas/coconino-county-az/
  [Navajo County] → /service-areas/navajo-county-az/
  [Apache County] → /service-areas/apache-county-az/
  [Gila County] → /service-areas/gila-county-az/
  [Cochise County] → /service-areas/cochise-county-az/
  [Graham County] → /service-areas/graham-county-az/
  [Greenlee County] → /service-areas/greenlee-county-az/
  [Santa Cruz County] → /service-areas/santa-cruz-county-az/
  [La Paz County] → /service-areas/la-paz-county-az/
  [Yuma County] → /service-areas/yuma-county-az/
  [![Image 3: Mortgage Brothers Logo] → /wp-content/uploads/2025/02/mortgage-brothers-logo-green-new.png/
  [LOAN PROGRAMS ▸] → /mortgage-loan-programs-arizona/
  [CALCULATORS ▸] → /mortgage-calculator-arizona/
  [AREAS WE SERVE ▸] → /service-areas/
  [Resources ▸] → /is-homeownership-hereditary/
  [MORE ▾] → /is-homeownership-hereditary/
  [Image 4: An exploration of how family legacy shapes homeownership and influences mortgage decisions] → /wp-content/uploads/2025/02/is-homeownership-hereditary.jpg/
  [Get Started] → /is-homeownership-hereditary/
  [research] → https://www.urban.org/research/publication/millennial-homeownership
  [Image 5: Bar chart showing millennial homeownership rates by parental wealth, with higher wealth leading to higher ownership rates] → /wp-content/plugins/a3-lazy-load/assets/images/lazy_placeholder.gif/
  [Survey of Consumer Finances] → https://www.federalreserve.gov/publications/files/scf17.pdf
  [← Previous Post] → /expect-youre-not-first-time-mortgage-shopper/
  [![Image 7: Expert mortgage solutions to help you find your dream home with competitive rates and personalized guidance] → /wp-content/uploads/2025/01/arizona-mortgage-solutions-banner-scaled.jpg/

74. /mortgage-rates-tool-arizona/ (2 missing)
  [Image 1: Overview of current Arizona mortgage rates and market trends] → /wp-content/uploads/2025/02/arizona-mortgage-rates.jpg/
  [![Image 2: Expert mortgage solutions to help you find your dream home with competitive rates and personalized guidance] → /wp-content/uploads/2025/01/arizona-mortgage-solutions-banner-scaled.jpg/

75. /assumable-mortgage/ (1 missing)
  [Image 1: CDN icon] → https://d1rozh26tys225.cloudfront.net/loader.svg

Total missing: 1568 across 68 routes
